AF0303;WID;FA;301/10071255;2022-12-01;1;PT;10536616;FREIGHT;1;00;20;13,49;13,49;16,19;;
AF0303;WID;FA;301/10071255;2022-12-01;2;PR;21007216;HA MOMENT MBR3D 440 SLVGR;2;00;06;491,00;982;1036,01;|1064686|1063300;
AF0303;WID;FA;301/10071255;2022-12-01;3;GAR;10536516;WARRANTY EXTEND 2 YR-HIGH END;2;10000;06;55,00;0;0;;
AF0303;WID;FA;301/10071255;2022-12-01;4;ECO;10539532;TAX 2 ENV CONTRIBUTION;2;00;06;0,02;0,04;0,04;;
AF0303;WID;FA;301/10071255;2022-12-01;5;AC;21006781;ACC. BTE WPT202 W CABLE EU;3;10000;06;139,00;0;0;|2088130|2088128|2088127;
AF0303;WID;FA;301/10071255;2022-12-01;6;ECO;10539532;TAX 2 ENV CONTRIBUTION;3;10000;06;0,02;0;0;;
AF0303;WID;FA;301/10071255;2022-12-01;7;PR;21007177;HA MOMENT MBR3D 110 SLVGR;2;00;06;276,00;552;582,36;|1001882|1001701;
AF0303;WID;FA;301/10071255;2022-12-01;8;GAR;10536516;WARRANTY EXTEND 2 YR-HIGH END;2;10000;06;55,00;0;0;;
AF0303;WID;FA;301/10071255;2022-12-01;9;ECO;10539532;TAX 2 ENV CONTRIBUTION;2;00;06;0,02;0,04;0,04;;
AF0303;WID;FA;301/10071255;2022-12-01;10;AC;21006776;ACC. MRIC WPT102 W CABLE EU;1;10000;06;129,00;0;0;|2132508;
AF0303;WID;FA;301/10071255;2022-12-01;11;ECO;10539532;TAX 2 ENV CONTRIBUTION;1;10000;06;0,02;0;0;;
AF0012;WID;FA;301/10071256;2022-12-01;1;AC;21006776;ACC. MRIC WPT102 W CABLE EU;1;10000;00;129,00;0;0;|2133064;
AF0012;WID;FA;301/10071256;2022-12-01;2;AC;10985616;ACC. TV PLAY KIT LANG PACK 1;1;2000;00;179,00;143,2;143,2;|089679;
AF0002;WID;FA;301/10071272;2022-12-02;1;PR;10995960;HA ACTS AMRR2D PH SLVGR;2;00;00;491,00;982;982;|897334|897104;
AF0002;WID;FA;301/10071272;2022-12-02;2;AC;21006776;ACC. MRIC WPT102 W CABLE EU;1;10000;00;129,00;0;0;|2133124;
AF0002;WID;FA;301/10071272;2022-12-02;3;PD;10990735;REC V.2 RIC M 2R;1;00;00;29,90;29,9;29,9;|1643114;
AF0002;WID;FA;301/10071272;2022-12-02;4;PD;10990736;REC V.2 RIC M 2L;1;00;00;29,90;29,9;29,9;|1752231;
AF0002;WID;FA;301/10071273;2022-12-02;1;PT;10536616;FREIGHT;1;00;00;13,49;13,49;13,49;;
AF0002;WID;FA;301/10071273;2022-12-02;2;GAR;10536516;WARRANTY EXTEND 2 YR-HIGH END;2;10000;00;55,00;0;0;;
AF0003;WID;FA;301/10071274;2022-12-02;1;PT;10536616;FREIGHT;1;00;00;13,49;13,49;13,49;;
AF0003;WID;FA;301/10071274;2022-12-02;2;GAR;10536516;WARRANTY EXTEND 2 YR-HIGH END;2;10000;00;55,00;0;0;;
AF0005;WID;FA;301/10071275;2022-12-02;1;PT;10536616;FREIGHT;1;00;00;13,49;13,49;13,49;;
AF0002;WID;FA;301/10071276;2022-12-02;1;PT;10536616;FREIGHT;1;00;00;13,49;13,49;13,49;;
AF0002;WID;FA;301/10071276;2022-12-02;2;GAR;10536516;WARRANTY EXTEND 2 YR-HIGH END;2;10000;00;55,00;0;0;;
AF0303;WID;FA;301/10071277;2022-12-02;1;PT;10536616;FREIGHT;1;00;20;13,49;13,49;16,19;;
AF0303;WID;FA;301/10071277;2022-12-02;2;PR;21007216;HA MOMENT MBR3D 440 SLVGR;2;00;06;491,00;982;1036,01;|1001726|1001806;
AF0303;WID;FA;301/10071277;2022-12-02;3;GAR;10536516;WARRANTY EXTEND 2 YR-HIGH END;2;10000;06;55,00;0;0;;
AF0303;WID;FA;301/10071277;2022-12-02;4;ECO;10539532;TAX 2 ENV CONTRIBUTION;2;00;06;0,02;0,04;0,04;;
AF0303;WID;FA;301/10071277;2022-12-02;5;AC;21006781;ACC. BTE WPT202 W CABLE EU;1;10000;06;139,00;0;0;|2129759;
AF0303;WID;FA;301/10071277;2022-12-02;6;ECO;10539532;TAX 2 ENV CONTRIBUTION;1;10000;06;0,02;0;0;;
AF0303;WID;FA;301/10071277;2022-12-02;7;AC;10985615;ACC. REMOTE LINK KIT PACK;1;00;06;139,00;139;146,65;|125016;
AF0303;WID;FA;301/10071277;2022-12-02;8;ECO;10539533;TAX 3 ENV CONTRIBUTION;1;00;06;0,06;0,06;0,06;;
AF0002;WID;FA;301/10071278;2022-12-02;1;PR;10995960;HA ACTS AMRR2D PH SLVGR;2;00;00;491,00;982;982;|897064|897044;
AF0002;WID;FA;301/10071278;2022-12-02;2;AC;21006776;ACC. MRIC WPT102 W CABLE EU;1;10000;00;129,00;0;0;|2133074;
AF0002;WID;FA;301/10071278;2022-12-02;3;PD;10990733;REC V.2 RIC M 1R;1;00;00;29,90;29,9;29,9;|1722260;
AF0002;WID;FA;301/10071278;2022-12-02;4;PD;10990734;REC V.2 RIC M 1L;1;00;00;29,90;29,9;29,9;|1787067;
AF0003;WID;FA;301/10071279;2022-12-02;1;PR;10995989;HA ACTS AMRR2D CO TCBLK;2;00;00;332,00;664;664;|897177|897167;
AF0003;WID;FA;301/10071279;2022-12-02;2;AC;21006776;ACC. MRIC WPT102 W CABLE EU;1;10000;00;129,00;0;0;|2133079;
AF0003;WID;FA;301/10071279;2022-12-02;3;PD;10990744;REC V.2 RIC P 2R;1;00;00;29,90;29,9;29,9;|1738013;
AF0003;WID;FA;301/10071279;2022-12-02;4;PD;10990745;REC V.2 RIC P 2L;1;00;00;29,90;29,9;29,9;|1730045;
AF0003;WID;FA;301/10071279;2022-12-02;5;PD;10990746;REC V.2 RIC P 3R;1;00;00;29,90;29,9;29,9;|1687654;
AF0003;WID;FA;301/10071279;2022-12-02;6;PD;10990747;REC V.2 RIC P 3L;1;00;00;29,90;29,9;29,9;|1796334;
AF0005;WID;FA;301/10071280;2022-12-02;1;AC;21017808;ACC. SOUND ASSIST DEVICE EU1;1;00;00;399,00;399;399;|010273;
AF0005;WID;FA;301/10071295;2022-12-03;1;PR;10995984;HA ACTS AMRR2D PH GBRN;2;00;00;491,00;982;982;|897277|897287;
AF0005;WID;FA;301/10071295;2022-12-03;2;AC;21006776;ACC. MRIC WPT102 W CABLE EU;1;10000;00;129,00;0;0;|2145072;
AF0005;WID;FA;301/10071295;2022-12-03;3;PD;10990744;REC V.2 RIC P 2R;1;00;00;29,90;29,9;29,9;|1733483;
AF0005;WID;FA;301/10071295;2022-12-03;4;PD;10990736;REC V.2 RIC M 2L;1;00;00;29,90;29,9;29,9;|1791841;
AF0017;WID;FA;301/10071296;2022-12-03;1;PR;10995977;HA ACTS AMRR2D CO SLVGR;2;00;00;332,00;664;664;|897145|897185;
AF0017;WID;FA;301/10071296;2022-12-03;2;AC;21006776;ACC. MRIC WPT102 W CABLE EU;1;10000;00;129,00;0;0;|2144890;
AF0017;WID;FA;301/10071296;2022-12-03;3;PD;10990735;REC V.2 RIC M 2R;1;00;00;29,90;29,9;29,9;|1801690;
AF0017;WID;FA;301/10071296;2022-12-03;4;PD;10990736;REC V.2 RIC M 2L;1;00;00;29,90;29,9;29,9;|1808435;
AF0017;WID;FA;301/10071296;2022-12-03;5;PD;10983538;REC WIRED S RIC L 1L N.A;1;00;00;29,90;29,9;29,9;|2362442;
AF0017;WID;FA;301/10071296;2022-12-03;6;PD;10983536;REC WIRED S RIC L 0R N.A;1;00;00;29,90;29,9;29,9;|2372009;
AF0017;WID;FA;301/10071296;2022-12-03;7;PD;10983542;REC WIRED S RIC L 3L N.A;2;00;00;29,90;59,8;59,8;|2398828|2398822;
AF0017;WID;FA;301/10071296;2022-12-03;8;PD;10983548;REC WIRED M RIC L 1L N.A;1;00;00;29,90;29,9;29,9;|6144646;
AF0017;WID;FA;301/10071296;2022-12-03;9;PD;10983549;REC WIRED M RIC L 2L N.A;4;00;00;29,90;119,6;119,6;|5967494|5969032|6257958|5968514;
AF0017;WID;FA;301/10071296;2022-12-03;10;PD;10983556;REC WIRED P RIC R 1R N.A;2;00;00;29,90;59,8;59,8;|1620719|1640949;
AF0017;WID;FA;301/10071296;2022-12-03;11;PD;10983560;REC WIRED P RIC R 3R N.A;2;00;00;29,90;59,8;59,8;|1662014|1677232;
AF0017;WID;FA;301/10071296;2022-12-03;12;PD;10990734;REC V.2 RIC M 1L;1;00;00;29,90;29,9;29,9;|1773014;
AF0017;WID;FA;301/10071296;2022-12-03;13;PD;10990735;REC V.2 RIC M 2R;3;00;00;29,90;89,7;89,7;|1798711|1801668|1801667;
AF0017;WID;FA;301/10071296;2022-12-03;14;PD;10990736;REC V.2 RIC M 2L;4;00;00;29,90;119,6;119,6;|1793852|1793920|1807962|1808436;
AF0017;WID;FA;301/10071296;2022-12-03;15;PD;10990737;REC V.2 RIC M 3R;2;00;00;29,90;59,8;59,8;|1782069|1779858;
AF0017;WID;FA;301/10071296;2022-12-03;16;PD;10990738;REC V.2 RIC M 3L;2;00;00;29,90;59,8;59,8;|1778196|1784358;
AF0017;WID;FA;301/10071296;2022-12-03;17;PD;10990742;REC V.2 RIC P 1R;1;00;00;29,90;29,9;29,9;|1677130;
AF0017;WID;FA;301/10071296;2022-12-03;18;PD;10990743;REC V.2 RIC P 1L;1;00;00;29,90;29,9;29,9;|1630781;
AF0019;WID;FA;301/10071297;2022-12-03;1;PT;10536616;FREIGHT;1;00;00;13,49;13,49;13,49;;
AF0019;WID;FA;301/10071297;2022-12-03;2;GAR;10536516;WARRANTY EXTEND 2 YR-HIGH END;2;10000;00;55,00;0;0;;
AF0019;WID;FA;301/10071297;2022-12-03;3;ECO;10539532;TAX 2 ENV CONTRIBUTION;2;00;00;0,02;0,04;0,04;;
AF0019;WID;FA;301/10071297;2022-12-03;4;ECO;10539532;TAX 2 ENV CONTRIBUTION;1;10000;00;0,02;0;0;;
AF0005;WID;FA;301/10071298;2022-12-03;1;PT;10536616;FREIGHT;1;00;00;13,49;13,49;13,49;;
AF0005;WID;FA;301/10071298;2022-12-03;2;GAR;10536516;WARRANTY EXTEND 2 YR-HIGH END;2;10000;00;55,00;0;0;;
AF0017;WID;FA;301/10071299;2022-12-03;1;PT;10536616;FREIGHT;1;00;00;13,49;13,49;13,49;;
AF0017;WID;FA;301/10071299;2022-12-03;2;GAR;10536516;WARRANTY EXTEND 2 YR-HIGH END;2;10000;00;55,00;0;0;;
AF0019;WID;FA;301/10071300;2022-12-03;1;PR;10995982;HA ACTS AMRR2D SY GBRN;2;00;00;412,00;824;824;|897240|897180;
AF0019;WID;FA;301/10071300;2022-12-03;2;PD;10990744;REC V.2 RIC P 2R;1;00;00;29,90;29,9;29,9;|1740107;
AF0019;WID;FA;301/10071300;2022-12-03;3;PD;10990745;REC V.2 RIC P 2L;1;00;00;29,90;29,9;29,9;|1729996;
AF0019;WID;FA;301/10071300;2022-12-03;4;AC;21006776;ACC. MRIC WPT102 W CABLE EU;1;10000;00;129,00;0;0;|2112103;
AF0003;WID;FA;301/10071308;2022-12-05;1;PD;10983558;REC WIRED P RIC R 2R N.A;1;00;00;29,90;29,9;29,9;|1674671;
AF0003;WID;FA;301/10071308;2022-12-05;2;PD;10983551;REC WIRED M RIC L 3L N.A;1;00;00;29,90;29,9;29,9;|6263129;
AF0017;WID;FA;301/10071309;2022-12-05;1;PT;10536616;FREIGHT;1;00;00;13,49;13,49;13,49;;
AF0017;WID;FA;301/10071309;2022-12-05;2;GAR;10536516;WARRANTY EXTEND 2 YR-HIGH END;1;10000;00;55,00;0;0;;
AF0011;WID;FA;301/10071312;2022-12-05;1;PR;10985465;HA MOMENT MRR2D 220 ATBG;2;00;00;332,00;664;664;|1123584|1123534;
AF0011;WID;FA;301/10071312;2022-12-05;2;PD;10990737;REC V.2 RIC M 3R;1;00;00;29,90;29,9;29,9;|1782412;
AF0011;WID;FA;301/10071312;2022-12-05;3;PD;10990738;REC V.2 RIC M 3L;1;00;00;29,90;29,9;29,9;|1784349;
AF0003;WID;FA;301/10071313;2022-12-05;1;PT;10536616;FREIGHT;1;00;00;13,49;13,49;13,49;;
AF0003;WID;FA;301/10071313;2022-12-05;2;GAR;10536516;WARRANTY EXTEND 2 YR-HIGH END;1;10000;00;55,00;0;0;;
AF0003;WID;FA;301/10071313;2022-12-05;3;AUT;10240037;FEE SHELL FOR ITE;1;00;00;60,00;60;60;;
AF0003;WID;FA;301/10071313;2022-12-05;4;GAR;10536516;WARRANTY EXTEND 2 YR-HIGH END;1;10000;00;55,00;0;0;;
AF0003;WID;FA;301/10071313;2022-12-05;5;AUT;10240037;FEE SHELL FOR ITE;1;00;00;60,00;60;60;;
AF0017;WID;FA;301/10071314;2022-12-05;1;PR;21002745;HA MOM MBB3D 110 SLVGR;1;00;00;226,00;226;226;|1108306;
AF0003;WID;FA;301/10071315;2022-12-05;1;PR;ITE-21003401-L;MO M-CIC-M 440  CIC;1;00;00;465,00;465;465;|345606;
AF0003;WID;FA;301/10071315;2022-12-05;2;PR;ITE-21003401-R;MO M-CIC-M 440  CIC;1;00;00;465,00;465;465;|348100;
AF0019;WID;FA;301/10071316;2022-12-05;1;AC;10985616;ACC. TV PLAY KIT LANG PACK 1;1;2000;00;179,00;143,2;143,2;|090296;
AF0019;WID;FA;301/10071317;2022-12-05;1;PT;10536616;FREIGHT;1;00;00;13,49;13,49;13,49;;
AF0019;WID;FA;301/10071317;2022-12-05;2;ECO;10539538;TAX 8 ENV CONTRIBUTION;1;00;00;0,11;0,11;0,11;;
AF0019;WID;FA;301/10071324;2022-12-06;1;PR;10972994;HA EVK E-FS-T 110 SLVGR;2;00;00;226,00;452;452;|294713|295948;
AF0019;WID;FA;301/10071324;2022-12-06;2;PD;10977927;REC WIRED M RIC R 2R N.A;1;00;00;29,90;29,9;29,9;|6242622;
AF0019;WID;FA;301/10071324;2022-12-06;3;PD;10983549;REC WIRED M RIC L 2L N.A;1;00;00;29,90;29,9;29,9;|5968481;
AF0019;WID;FA;301/10071325;2022-12-06;1;PT;10536616;FREIGHT;1;00;00;13,49;13,49;13,49;;
AF0019;WID;FA;301/10071325;2022-12-06;2;GAR;10536516;WARRANTY EXTEND 2 YR-HIGH END;2;10000;00;55,00;0;0;;
AF0019;WID;FA;301/10071325;2022-12-06;3;ECO;10539532;TAX 2 ENV CONTRIBUTION;2;00;00;0,02;0,04;0,04;;
AF0003;WID;FA;301/10071337;2022-12-07;1;PR;10995970;HA ACTS AMRB2D CO TCBLK;2;00;00;332,00;664;664;|039215|039225;
AF0003;WID;FA;301/10071337;2022-12-07;2;PD;10983549;REC WIRED M RIC L 2L N.A;1;00;00;29,90;29,9;29,9;|5958926;
AF0003;WID;FA;301/10071337;2022-12-07;3;PD;10977927;REC WIRED M RIC R 2R N.A;1;00;00;29,90;29,9;29,9;|6057417;
AF0012;WID;FA;301/10071339;2022-12-07;1;PR;10995983;HA ACTS AMRR2D PH TCBLK;2;00;00;491,00;982;982;|896992|897057;
AF0012;WID;FA;301/10071339;2022-12-07;2;AC;21006776;ACC. MRIC WPT102 W CABLE EU;1;10000;00;129,00;0;0;|2145076;
AF0012;WID;FA;301/10071339;2022-12-07;3;PD;10990735;REC V.2 RIC M 2R;1;00;00;29,90;29,9;29,9;|1801434;
AF0012;WID;FA;301/10071339;2022-12-07;4;PD;10990736;REC V.2 RIC M 2L;1;00;00;29,90;29,9;29,9;|1808647;
AF0005;WID;FA;301/10071340;2022-12-07;1;PR;21007177;HA MOMENT MBR3D 110 SLVGR;2;00;00;276,00;552;552;|1001782|1001641;
AF0005;WID;FA;301/10071340;2022-12-07;2;AC;21006781;ACC. BTE WPT202 W CABLE EU;1;10000;00;139,00;0;0;|2129255;
AF0005;WID;FA;301/10071340;2022-12-07;3;PD;10997581;EARHOOK V2 THINTUBE 0.9 2L;1;10000;00;3,20;0;0;;
AF0005;WID;FA;301/10071340;2022-12-07;4;PD;10997580;EARHOOK V2 THINTUBE 0.9 2R;1;10000;00;3,20;0;0;;
AF0005;WID;FA;301/10071340;2022-12-07;5;PR;10995960;HA ACTS AMRR2D PH SLVGR;2;00;00;491,00;982;982;|897202|897252;
AF0005;WID;FA;301/10071340;2022-12-07;6;AC;21006776;ACC. MRIC WPT102 W CABLE EU;1;10000;00;129,00;0;0;|2144815;
AF0005;WID;FA;301/10071340;2022-12-07;7;PD;10990737;REC V.2 RIC M 3R;1;00;00;29,90;29,9;29,9;|1783095;
AF0005;WID;FA;301/10071340;2022-12-07;8;PD;10990747;REC V.2 RIC P 3L;1;00;00;29,90;29,9;29,9;|1756138;
AF0011;WID;FA;301/10071341;2022-12-07;1;PR;10985461;HA MOMENT MRR2D 220 TCBLK;2;00;00;332,00;664;664;|1126355|1126225;
AF0011;WID;FA;301/10071341;2022-12-07;2;PD;10990737;REC V.2 RIC M 3R;1;00;00;29,90;29,9;29,9;|1777594;
AF0011;WID;FA;301/10071341;2022-12-07;3;PD;10990738;REC V.2 RIC M 3L;1;00;00;29,90;29,9;29,9;|1786626;
AF0014;WID;FA;301/10071342;2022-12-07;1;PR;10989371;HA MOMENT MRR2D 110 SLVGR;1;00;00;276,00;276;276;|1081270;
AF0014;WID;FA;301/10071342;2022-12-07;2;PD;10990735;REC V.2 RIC M 2R;1;00;00;29,90;29,9;29,9;|1801485;
AF0014;WID;FA;301/10071342;2022-12-07;3;PD;10990736;REC V.2 RIC M 2L;1;00;00;29,90;29,9;29,9;|1792159;
AF0014;WID;FA;301/10071342;2022-12-07;4;PR;10985501;HA MOMENT MRB2D 220 SLVGR;1;00;00;332,00;332;332;|458225;
AF0014;WID;FA;301/10071342;2022-12-07;5;PD;10977927;REC WIRED M RIC R 2R N.A;1;00;00;29,90;29,9;29,9;|5513185;
AF0014;WID;FA;301/10071342;2022-12-07;6;PD;10983549;REC WIRED M RIC L 2L N.A;1;00;00;29,90;29,9;29,9;|5960485;
AF0014;WID;FA;301/10071342;2022-12-07;7;PD;21008586;SLEEVE VENTED M WIDEX;1;10000;00;10,00;0;0;;
AF0014;WID;FA;301/10071342;2022-12-07;8;PD;21008590;SLEEVE POWER M WIDEX;1;10000;00;10,00;0;0;;
AF0014;WID;FA;301/10071342;2022-12-07;9;AC;21006776;ACC. MRIC WPT102 W CABLE EU;1;10000;00;129,00;0;0;|2132645;
AF0012;WID;FA;301/10071343;2022-12-07;1;PR;21007177;HA MOMENT MBR3D 110 SLVGR;2;00;00;276,00;552;552;|1001962|1001972;
AF0012;WID;FA;301/10071343;2022-12-07;2;AC;21006781;ACC. BTE WPT202 W CABLE EU;1;10000;00;139,00;0;0;|2129257;
AF0005;WID;FA;301/10071344;2022-12-07;1;PT;10536616;FREIGHT;1;00;00;13,49;13,49;13,49;;
AF0005;WID;FA;301/10071344;2022-12-07;2;GAR;10536516;WARRANTY EXTEND 2 YR-HIGH END;2;10000;00;55,00;0;0;;
AF0011;WID;FA;301/10071345;2022-12-07;1;PT;10536616;FREIGHT;1;00;00;13,49;13,49;13,49;;
AF0003;WID;FA;301/10071346;2022-12-07;1;PT;10536616;FREIGHT;1;00;00;13,49;13,49;13,49;;
AF0003;WID;FA;301/10071346;2022-12-07;2;GAR;10536516;WARRANTY EXTEND 2 YR-HIGH END;2;10000;00;55,00;0;0;;
AF0012;WID;FA;301/10071347;2022-12-07;1;PT;10536616;FREIGHT;1;00;00;13,49;13,49;13,49;;
AF0012;WID;FA;301/10071347;2022-12-07;2;GAR;10536516;WARRANTY EXTEND 2 YR-HIGH END;2;10000;00;55,00;0;0;;
AF0012;WID;FA;301/10071348;2022-12-07;1;PT;10536616;FREIGHT;1;00;00;13,49;13,49;13,49;;
AF0012;WID;FA;301/10071348;2022-12-07;2;GAR;10536516;WARRANTY EXTEND 2 YR-HIGH END;2;10000;00;55,00;0;0;;
AF0005;WID;FA;301/10071349;2022-12-07;1;PT;10536616;FREIGHT;1;00;00;13,49;13,49;13,49;;
AF0005;WID;FA;301/10071349;2022-12-07;2;GAR;10536516;WARRANTY EXTEND 2 YR-HIGH END;2;10000;00;55,00;0;0;;
AF0005;WID;FA;301/10071349;2022-12-07;3;GAR;10536516;WARRANTY EXTEND 2 YR-HIGH END;2;10000;00;55,00;0;0;;
AF0011;WID;FA;301/10071350;2022-12-07;1;PT;10536616;FREIGHT;1;00;00;13,49;13,49;13,49;;
AF0011;WID;FA;301/10071350;2022-12-07;2;GAR;10536516;WARRANTY EXTEND 2 YR-HIGH END;2;10000;00;55,00;0;0;;
AF0014;WID;FA;301/10071351;2022-12-07;1;PT;10536616;FREIGHT;1;00;20;13,49;13,49;16,19;;
AF0014;WID;FA;301/10071351;2022-12-07;2;GAR;10536516;WARRANTY EXTEND 2 YR-HIGH END;1;10000;06;55,00;0;0;;
AF0014;WID;FA;301/10071351;2022-12-07;3;ECO;10539532;TAX 2 ENV CONTRIBUTION;1;00;06;0,02;0,02;0,02;;
AF0014;WID;FA;301/10071351;2022-12-07;4;GAR;10536516;WARRANTY EXTEND 2 YR-HIGH END;1;10000;06;55,00;0;0;;
AF0014;WID;FA;301/10071351;2022-12-07;5;ECO;10539532;TAX 2 ENV CONTRIBUTION;1;00;06;0,02;0,02;0,02;;
AF0014;WID;FA;301/10071351;2022-12-07;6;ECO;10539532;TAX 2 ENV CONTRIBUTION;1;10000;06;0,02;0;0;;
AF0005;WID;FA;301/10071352;2022-12-07;1;PR;10995979;HA ACTS AMRR2D SY SLVGR;2;00;00;412,00;824;824;|897154|897134;
AF0005;WID;FA;301/10071352;2022-12-07;2;AC;21006776;ACC. MRIC WPT102 W CABLE EU;1;10000;00;129,00;0;0;|2132644;
AF0005;WID;FA;301/10071352;2022-12-07;3;PD;10990737;REC V.2 RIC M 3R;1;00;00;29,90;29,9;29,9;|1781792;
AF0005;WID;FA;301/10071352;2022-12-07;4;PD;10990738;REC V.2 RIC M 3L;1;00;00;29,90;29,9;29,9;|1786780;
AF0011;WID;FA;301/10071366;2022-12-08;1;PT;10536616;FREIGHT;1;00;00;13,49;13,49;13,49;;
AF0011;WID;FA;301/10071366;2022-12-08;2;GAR;10536516;WARRANTY EXTEND 2 YR-HIGH END;1;10000;00;55,00;0;0;;
AF0019;WID;FA;301/10071367;2022-12-08;1;PT;10536616;FREIGHT;1;00;00;13,49;13,49;13,49;;
AF0019;WID;FA;301/10071367;2022-12-08;2;GAR;10536516;WARRANTY EXTEND 2 YR-HIGH END;2;10000;00;55,00;0;0;;
AF0019;WID;FA;301/10071367;2022-12-08;3;ECO;10539532;TAX 2 ENV CONTRIBUTION;2;00;00;0,02;0,04;0,04;;
AF0014;WID;FA;301/10071368;2022-12-08;1;PT;10536616;FREIGHT;1;00;20;13,49;13,49;16,19;;
AF0014;WID;FA;301/10071368;2022-12-08;2;GAR;10536516;WARRANTY EXTEND 2 YR-HIGH END;2;10000;06;55,00;0;0;;
AF0014;WID;FA;301/10071368;2022-12-08;3;ECO;10539532;TAX 2 ENV CONTRIBUTION;2;00;06;0,02;0,04;0,04;;
AF0014;WID;FA;301/10071368;2022-12-08;4;ECO;10539532;TAX 2 ENV CONTRIBUTION;1;10000;06;0,02;0;0;;
AF0014;WID;FA;301/10071368;2022-12-08;5;GAR;10536516;WARRANTY EXTEND 2 YR-HIGH END;1;10000;06;55,00;0;0;;
AF0014;WID;FA;301/10071368;2022-12-08;6;ECO;10539532;TAX 2 ENV CONTRIBUTION;1;00;06;0,02;0,02;0,02;;
AF0014;WID;FA;301/10071368;2022-12-08;7;GAR;10536516;WARRANTY EXTEND 2 YR-HIGH END;1;10000;06;55,00;0;0;;
AF0014;WID;FA;301/10071368;2022-12-08;8;ECO;10539532;TAX 2 ENV CONTRIBUTION;1;00;06;0,02;0,02;0,02;;
AF0012;WID;FA;301/10071369;2022-12-08;1;PR;10995987;HA ACTS AMRR2D CO GBRN;2;00;00;332,00;664;664;|897036|897118;
AF0012;WID;FA;301/10071369;2022-12-08;2;AC;21006776;ACC. MRIC WPT102 W CABLE EU;1;10000;00;129,00;0;0;|2145069;
AF0012;WID;FA;301/10071369;2022-12-08;3;PD;10990733;REC V.2 RIC M 1R;1;00;00;29,90;29,9;29,9;|1771346;
AF0012;WID;FA;301/10071369;2022-12-08;4;PD;10990734;REC V.2 RIC M 1L;1;00;00;29,90;29,9;29,9;|1771507;
AF0012;WID;FA;301/10071370;2022-12-08;1;PT;10536616;FREIGHT;1;00;00;13,49;13,49;13,49;;
AF0012;WID;FA;301/10071370;2022-12-08;2;GAR;10536516;WARRANTY EXTEND 2 YR-HIGH END;2;10000;00;55,00;0;0;;
AF0019;WID;FA;301/10071371;2022-12-08;1;PR;10972994;HA EVK E-FS-T 110 SLVGR;2;00;00;226,00;452;452;|295384|295175;
AF0019;WID;FA;301/10071371;2022-12-08;2;PD;10977927;REC WIRED M RIC R 2R N.A;1;00;00;29,90;29,9;29,9;|5511839;
AF0019;WID;FA;301/10071371;2022-12-08;3;PD;10983549;REC WIRED M RIC L 2L N.A;1;00;00;29,90;29,9;29,9;|5970578;
AF0014;WID;FA;301/10071372;2022-12-08;1;PR;10989371;HA MOMENT MRR2D 110 SLVGR;2;00;00;276,00;552;552;|1081420|1081290;
AF0014;WID;FA;301/10071372;2022-12-08;2;PD;10990735;REC V.2 RIC M 2R;1;00;00;29,90;29,9;29,9;|1748641;
AF0014;WID;FA;301/10071372;2022-12-08;3;PD;10990736;REC V.2 RIC M 2L;1;00;00;29,90;29,9;29,9;|1543528;
AF0014;WID;FA;301/10071372;2022-12-08;4;AC;21006776;ACC. MRIC WPT102 W CABLE EU;1;10000;00;129,00;0;0;|2132651;
AF0014;WID;FA;301/10071372;2022-12-08;5;PR;10989371;HA MOMENT MRR2D 110 SLVGR;1;00;00;276,00;276;276;|1081320;
AF0014;WID;FA;301/10071372;2022-12-08;6;PR;10985501;HA MOMENT MRB2D 220 SLVGR;1;00;00;332,00;332;332;|458307;
AF0011;WID;FA;301/10071373;2022-12-08;1;PR;10995979;HA ACTS AMRR2D SY SLVGR;1;00;00;412,00;412;412;|897144;
AF0011;WID;FA;301/10071373;2022-12-08;2;PD;10990736;REC V.2 RIC M 2L;1;00;00;29,90;29,9;29,9;|1767156;
AF0002;WID;FA;301/10071385;2022-12-09;1;PR;10995967;HA ACTS AMRB2D PR SLVGR;1;00;00;226,00;226;226;|039118;
AF0002;WID;FA;301/10071385;2022-12-09;2;PD;10983550;REC WIRED M RIC R 3R N.A;1;00;00;29,90;29,9;29,9;|6137494;
018;WID;FA;301/10071386;2022-12-09;1;PT;10536616;FREIGHT;1;00;00;13,49;13,49;13,49;;
018;WID;FA;301/10071386;2022-12-09;2;GAR;10536516;WARRANTY EXTEND 2 YR-HIGH END;2;10000;00;55,00;0;0;;
AF0005;WID;FA;301/10071387;2022-12-09;1;PT;10536616;FREIGHT;1;00;00;13,49;13,49;13,49;;
AF0005;WID;FA;301/10071387;2022-12-09;2;GAR;10536516;WARRANTY EXTEND 2 YR-HIGH END;2;10000;00;55,00;0;0;;
AF0002;WID;FA;301/10071388;2022-12-09;1;PT;10536616;FREIGHT;1;00;00;13,49;13,49;13,49;;
AF0002;WID;FA;301/10071388;2022-12-09;2;GAR;10536516;WARRANTY EXTEND 2 YR-HIGH END;1;10000;00;55,00;0;0;;
AF0002;WID;FA;301/10071389;2022-12-09;1;PT;10536616;FREIGHT;1;00;00;13,49;13,49;13,49;;
AF0002;WID;FA;301/10071389;2022-12-09;2;GAR;10536516;WARRANTY EXTEND 2 YR-HIGH END;2;10000;00;55,00;0;0;;
AF0017;WID;FA;301/10071390;2022-12-09;1;PT;10536616;FREIGHT;1;00;00;13,49;13,49;13,49;;
AF0017;WID;FA;301/10071390;2022-12-09;2;GAR;10536516;WARRANTY EXTEND 2 YR-HIGH END;2;10000;00;55,00;0;0;;
018;WID;FA;301/10071391;2022-12-09;1;PR;21014305;HA MOMENT MRR4D 330 SLVGR;2;00;00;412,00;824;824;|1060656|1060661;
018;WID;FA;301/10071391;2022-12-09;2;AC;21015731;ACC. SRIC WPT103 TYP C, EU LP2;1;10000;00;129,00;0;0;|0130005;
AF0005;WID;FA;301/10071392;2022-12-09;1;PR;10995967;HA ACTS AMRB2D PR SLVGR;2;00;00;226,00;452;452;|039108|039098;
AF0005;WID;FA;301/10071392;2022-12-09;2;PD;10977927;REC WIRED M RIC R 2R N.A;1;00;00;29,90;29,9;29,9;|6072336;
AF0005;WID;FA;301/10071392;2022-12-09;3;PD;10983549;REC WIRED M RIC L 2L N.A;1;00;00;29,90;29,9;29,9;|5955750;
AF0002;WID;FA;301/10071393;2022-12-09;1;PR;10995979;HA ACTS AMRR2D SY SLVGR;2;00;00;412,00;824;824;|897274|897224;
AF0002;WID;FA;301/10071393;2022-12-09;2;AC;21006776;ACC. MRIC WPT102 W CABLE EU;1;10000;00;129,00;0;0;|2145004;
AF0002;WID;FA;301/10071393;2022-12-09;3;PD;10990735;REC V.2 RIC M 2R;1;00;00;29,90;29,9;29,9;|1799130;
AF0002;WID;FA;301/10071393;2022-12-09;4;PD;10990736;REC V.2 RIC M 2L;1;00;00;29,90;29,9;29,9;|1803157;
AF0017;WID;FA;301/10071394;2022-12-09;1;PR;10995979;HA ACTS AMRR2D SY SLVGR;2;00;00;412,00;824;824;|897048|897184;
AF0017;WID;FA;301/10071394;2022-12-09;2;AC;21006776;ACC. MRIC WPT102 W CABLE EU;1;10000;00;129,00;0;0;|2144868;
AF0017;WID;FA;301/10071394;2022-12-09;3;PD;10990735;REC V.2 RIC M 2R;1;00;00;29,90;29,9;29,9;|1799201;
AF0017;WID;FA;301/10071394;2022-12-09;4;PD;10990736;REC V.2 RIC M 2L;1;00;00;29,90;29,9;29,9;|1803585;
AF0019;WID;FA;301/10071412;2022-12-10;1;PT;10536616;FREIGHT;1;00;00;13,49;13,49;13,49;;
AF0019;WID;FA;301/10071412;2022-12-10;2;ECO;10539538;TAX 8 ENV CONTRIBUTION;1;00;00;0,11;0,11;0,11;;
AF0019;WID;FA;301/10071412;2022-12-10;3;GAR;10536516;WARRANTY EXTEND 2 YR-HIGH END;2;10000;00;55,00;0;0;;
AF0019;WID;FA;301/10071412;2022-12-10;4;ECO;10539532;TAX 2 ENV CONTRIBUTION;2;00;00;0,02;0,04;0,04;;
AF0019;WID;FA;301/10071412;2022-12-10;5;ECO;10539532;TAX 2 ENV CONTRIBUTION;1;10000;00;0,02;0;0;;
018;WID;FA;301/10071413;2022-12-10;1;PT;10536616;FREIGHT;1;00;00;13,49;13,49;13,49;;
AF0019;WID;FA;301/10071414;2022-12-10;1;PR;10995986;HA ACTS AMRR2D PR SLVGR;2;00;00;276,00;552;552;|897035|897025;
AF0019;WID;FA;301/10071414;2022-12-10;2;PD;10990735;REC V.2 RIC M 2R;1;00;00;29,90;29,9;29,9;|1727800;
AF0019;WID;FA;301/10071414;2022-12-10;3;PD;10990736;REC V.2 RIC M 2L;1;00;00;29,90;29,9;29,9;|1767357;
AF0019;WID;FA;301/10071414;2022-12-10;4;AC;21006776;ACC. MRIC WPT102 W CABLE EU;1;10000;00;129,00;0;0;|2145355;
AF0019;WID;FA;301/10071415;2022-12-10;1;AC;10985616;ACC. TV PLAY KIT LANG PACK 1;1;2000;00;179,00;143,2;143,2;|089635;
AF0019;WID;FA;301/10071415;2022-12-10;2;PR;21007178;HA MOMENT MBR3D 110 GBRN;2;00;00;276,00;552;552;|1056780|1063961;
AF0019;WID;FA;301/10071415;2022-12-10;3;AC;21006781;ACC. BTE WPT202 W CABLE EU;1;10000;00;139,00;0;0;|2007167;
AF0019;WID;FA;301/10071417;2022-12-10;1;PT;10536616;FREIGHT;1;00;00;13,49;13,49;13,49;;
AF0019;WID;FA;301/10071417;2022-12-10;2;GAR;10536516;WARRANTY EXTEND 2 YR-HIGH END;2;10000;00;55,00;0;0;;
AF0019;WID;FA;301/10071417;2022-12-10;3;ECO;10539532;TAX 2 ENV CONTRIBUTION;2;00;00;0,02;0,04;0,04;;
AF0019;WID;FA;301/10071417;2022-12-10;4;ECO;10539532;TAX 2 ENV CONTRIBUTION;1;10000;00;0,02;0;0;;
AF0017;WID;FA;301/10071424;2022-12-12;1;PR;10995957;HA ACTS AMRB2D SY SLVGR;2;00;00;412,00;824;824;|038900|039168;
AF0017;WID;FA;301/10071424;2022-12-12;2;PD;10977927;REC WIRED M RIC R 2R N.A;1;00;00;29,90;29,9;29,9;|6060703;
AF0017;WID;FA;301/10071424;2022-12-12;3;PD;10983561;REC WIRED P RIC L 3L N.A;1;00;00;29,90;29,9;29,9;|1662683;
AF0005;WID;FA;301/10071425;2022-12-12;1;PT;10536616;FREIGHT;1;00;00;13,49;13,49;13,49;;
AF0005;WID;FA;301/10071425;2022-12-12;2;GAR;10536516;WARRANTY EXTEND 2 YR-HIGH END;2;10000;00;55,00;0;0;;
AF0002;WID;FA;301/10071426;2022-12-12;1;PT;10536616;FREIGHT;1;00;00;13,49;13,49;13,49;;
AF0002;WID;FA;301/10071426;2022-12-12;2;GAR;10536516;WARRANTY EXTEND 2 YR-HIGH END;1;10000;00;55,00;0;0;;
AF0017;WID;FA;301/10071427;2022-12-12;1;PT;10536616;FREIGHT;1;00;00;13,49;13,49;13,49;;
AF0017;WID;FA;301/10071427;2022-12-12;2;GAR;10536516;WARRANTY EXTEND 2 YR-HIGH END;2;10000;00;55,00;0;0;;
AF0012;WID;FA;301/10071428;2022-12-12;1;PT;10536616;FREIGHT;1;00;00;13,49;13,49;13,49;;
AF0012;WID;FA;301/10071428;2022-12-12;2;GAR;10536516;WARRANTY EXTEND 2 YR-HIGH END;1;10000;00;55,00;0;0;;
AF0012;WID;FA;301/10071428;2022-12-12;3;GAR;10536516;WARRANTY EXTEND 2 YR-HIGH END;1;10000;00;55,00;0;0;;
AF0002;WID;FA;301/10071429;2022-12-12;1;PT;10536616;FREIGHT;1;00;00;13,49;13,49;13,49;;
AF0002;WID;FA;301/10071429;2022-12-12;2;GAR;10536516;WARRANTY EXTEND 2 YR-HIGH END;2;10000;00;55,00;0;0;;
AF0002;WID;FA;301/10071429;2022-12-12;3;GAR;10536516;WARRANTY EXTEND 2 YR-HIGH END;2;10000;00;55,00;0;0;;
AF0303;WID;FA;301/10071430;2022-12-12;1;PT;10536616;FREIGHT;1;00;20;13,49;13,49;16,19;;
AF0303;WID;FA;301/10071430;2022-12-12;2;PD;10990737;REC V.2 RIC M 3R;3;00;06;29,90;89,7;94,63;|1779609|1773912|1778805;
AF0303;WID;FA;301/10071430;2022-12-12;3;PD;10990732;REC V.2 RIC M 0L;2;00;06;29,90;59,8;63,09;|1430135|1580496;
AF0303;WID;FA;301/10071430;2022-12-12;4;PD;10990750;REC V.2 RIC M 0R;2;00;06;29,90;59,8;63,09;|0407302|1727485;
AF0303;WID;FA;301/10071430;2022-12-12;5;PD;10990741;REC V.2 RIC P 0L;2;00;06;29,90;59,8;63,09;|1628778|1630703;
AF0303;WID;FA;301/10071430;2022-12-12;6;PD;10990751;REC V.2 RIC P 0R;2;00;06;29,90;59,8;63,09;|1676387|1102290;
AF0303;WID;FA;301/10071430;2022-12-12;7;PD;10990743;REC V.2 RIC P 1L;2;00;06;29,90;59,8;63,09;|1707402|1794165;
AF0303;WID;FA;301/10071430;2022-12-12;8;PD;10990746;REC V.2 RIC P 3R;4;00;06;29,90;119,6;126,18;|1781201|1517102|1517084|1517103;
AF0303;WID;FA;301/10071430;2022-12-12;9;PD;10990749;REC V.2 RIC P 4L;2;00;06;29,90;59,8;63,09;|1703787|1793743;
AF0303;WID;FA;301/10071430;2022-12-12;10;PD;10990748;REC V.2 RIC P 4R;2;00;06;29,90;59,8;63,09;|1717520|1713183;
AF0303;WID;FA;301/10071430;2022-12-12;11;PD;10983547;REC WIRED M RIC R 1R N.A;1;00;06;29,90;29,9;31,54;|6065236;
AF0303;WID;FA;301/10071430;2022-12-12;12;PD;10983548;REC WIRED M RIC L 1L N.A;1;00;06;29,90;29,9;31,54;|5863532;
AF0303;WID;FA;301/10071430;2022-12-12;13;PD;10983549;REC WIRED M RIC L 2L N.A;2;00;06;29,90;59,8;63,09;|6257916|6251637;
AF0303;WID;FA;301/10071430;2022-12-12;14;PD;10983550;REC WIRED M RIC R 3R N.A;3;00;06;29,90;89,7;94,63;|6196146|6196226|6210622;
AF0303;WID;FA;301/10071430;2022-12-12;15;PD;10983551;REC WIRED M RIC L 3L N.A;3;00;06;29,90;89,7;94,63;|6222353|6222592|6222341;
AF0303;WID;FA;301/10071430;2022-12-12;16;PD;10983552;REC WIRED M RIC R 4R N.A;2;00;06;29,90;59,8;63,09;|6184821|6185146;
AF0303;WID;FA;301/10071430;2022-12-12;17;PD;10983553;REC WIRED M RIC L 4L N.A;2;00;06;29,90;59,8;63,09;|6201260|6143757;
AF0303;WID;FA;301/10071430;2022-12-12;18;PD;10983556;REC WIRED P RIC R 1R N.A;1;00;06;29,90;29,9;31,54;|1692957;
AF0303;WID;FA;301/10071430;2022-12-12;19;PD;10983558;REC WIRED P RIC R 2R N.A;1;00;06;29,90;29,9;31,54;|1671333;
AF0303;WID;FA;301/10071430;2022-12-12;20;PD;10983560;REC WIRED P RIC R 3R N.A;3;00;06;29,90;89,7;94,63;|1677164|1685717|1661830;
AF0303;WID;FA;301/10071430;2022-12-12;21;PD;10983561;REC WIRED P RIC L 3L N.A;3;00;06;29,90;89,7;94,63;|1662872|1662967|1662918;
AF0303;WID;FA;301/10071430;2022-12-12;22;PD;21008584;SLEEVE VENTED XS WIDEX;2;10000;06;10,00;0;0;;
AF0303;WID;FA;301/10071430;2022-12-12;23;PD;21008585;SLEEVE VENTED S WIDEX;2;10000;06;10,00;0;0;;
AF0303;WID;FA;301/10071430;2022-12-12;24;PD;21008586;SLEEVE VENTED M WIDEX;2;10000;06;10,00;0;0;;
AF0005;WID;FA;301/10071431;2022-12-12;1;PR;10995960;HA ACTS AMRR2D PH SLVGR;2;00;00;491,00;982;982;|897262|897232;
AF0005;WID;FA;301/10071431;2022-12-12;2;AC;21006776;ACC. MRIC WPT102 W CABLE EU;1;10000;00;129,00;0;0;|2132628;
AF0005;WID;FA;301/10071431;2022-12-12;3;PD;10990737;REC V.2 RIC M 3R;1;00;00;29,90;29,9;29,9;|1778806;
AF0005;WID;FA;301/10071431;2022-12-12;4;PD;10990738;REC V.2 RIC M 3L;1;00;00;29,90;29,9;29,9;|1790662;
AF0002;WID;FA;301/10071432;2022-12-12;1;PR;10995960;HA ACTS AMRR2D PH SLVGR;1;00;00;491,00;491;491;|897192;
AF0002;WID;FA;301/10071432;2022-12-12;2;PD;10990738;REC V.2 RIC M 3L;1;00;00;29,90;29,9;29,9;|1785232;
AF0002;WID;FA;301/10071432;2022-12-12;3;AC;21006776;ACC. MRIC WPT102 W CABLE EU;1;10000;00;129,00;0;0;|2132619;
AF0012;WID;FA;301/10071433;2022-12-12;1;PR;10995980;HA ACTS AMRB0 PR SLVGR;1;00;00;226,00;226;226;|027771;
AF0012;WID;FA;301/10071433;2022-12-12;2;PR;10995980;HA ACTS AMRB0 PR SLVGR;1;10000;00;226,00;0;0;|027761;
AF0012;WID;FA;301/10071433;2022-12-12;3;PD;10983537;REC WIRED S RIC R 1R N.A;1;00;00;29,90;29,9;29,9;|2380816;
AF0012;WID;FA;301/10071433;2022-12-12;4;PD;10983538;REC WIRED S RIC L 1L N.A;1;00;00;29,90;29,9;29,9;|2381028;
AF0002;WID;FA;301/10071434;2022-12-12;1;PR;10985475;HA MOMENT MRR2D 330 SLVGR;2;00;00;412,00;824;824;|1081333|1081423;
AF0002;WID;FA;301/10071434;2022-12-12;2;AC;21006776;ACC. MRIC WPT102 W CABLE EU;1;10000;00;129,00;0;0;|2145360;
AF0002;WID;FA;301/10071434;2022-12-12;3;PD;10990735;REC V.2 RIC M 2R;1;00;00;29,90;29,9;29,9;|1727757;
AF0002;WID;FA;301/10071434;2022-12-12;4;PD;10990736;REC V.2 RIC M 2L;1;00;00;29,90;29,9;29,9;|1767155;
AF0002;WID;FA;301/10071434;2022-12-12;5;PR;10985487;HA MOMENT MRR2D 440 TCBLK;2;00;00;491,00;982;982;|1095325|1123667;
AF0002;WID;FA;301/10071434;2022-12-12;6;AC;21006776;ACC. MRIC WPT102 W CABLE EU;1;10000;00;129,00;0;0;|2145364;
AF0002;WID;FA;301/10071434;2022-12-12;7;PD;10990735;REC V.2 RIC M 2R;1;00;00;29,90;29,9;29,9;|1799162;
AF0002;WID;FA;301/10071434;2022-12-12;8;PD;10990736;REC V.2 RIC M 2L;1;00;00;29,90;29,9;29,9;|1802330;
AF0012;WID;FA;301/10071446;2022-12-13;1;PR;10972994;HA EVK E-FS-T 110 SLVGR;2;00;00;226,00;452;452;|295145|295374;
AF0012;WID;FA;301/10071446;2022-12-13;2;PD;10983549;REC WIRED M RIC L 2L N.A;1;00;00;29,90;29,9;29,9;|6269117;
AF0012;WID;FA;301/10071446;2022-12-13;3;PD;10977927;REC WIRED M RIC R 2R N.A;1;00;00;29,90;29,9;29,9;|6249890;
AF0005;WID;FA;301/10071447;2022-12-13;1;PT;10536616;FREIGHT;1;00;00;13,49;13,49;13,49;;
AF0012;WID;FA;301/10071448;2022-12-13;1;PT;10536616;FREIGHT;1;00;00;13,49;13,49;13,49;;
AF0012;WID;FA;301/10071448;2022-12-13;2;GAR;10536516;WARRANTY EXTEND 2 YR-HIGH END;1;10000;00;55,00;0;0;;
AF0012;WID;FA;301/10071448;2022-12-13;3;AUT;10240037;FEE SHELL FOR ITE;1;00;00;60,00;60;60;;
AF0012;WID;FA;301/10071448;2022-12-13;4;GAR;10536516;WARRANTY EXTEND 2 YR-HIGH END;1;10000;00;55,00;0;0;;
AF0012;WID;FA;301/10071448;2022-12-13;5;AUT;10240037;FEE SHELL FOR ITE;1;00;00;60,00;60;60;;
AF0012;WID;FA;301/10071450;2022-12-13;1;PT;10536616;FREIGHT;1;00;00;13,49;13,49;13,49;;
AF0012;WID;FA;301/10071450;2022-12-13;2;GAR;10536516;WARRANTY EXTEND 2 YR-HIGH END;2;10000;00;55,00;0;0;;
AF0014;WID;FA;301/10071451;2022-12-13;1;PT;10536616;FREIGHT;1;00;20;13,49;13,49;16,19;;
AF0014;WID;FA;301/10071451;2022-12-13;2;GAR;10536516;WARRANTY EXTEND 2 YR-HIGH END;2;10000;06;55,00;0;0;;
AF0014;WID;FA;301/10071451;2022-12-13;3;ECO;10539532;TAX 2 ENV CONTRIBUTION;2;00;06;0,02;0,04;0,04;;
AF0303;WID;FA;301/10071452;2022-12-13;1;PT;10536616;FREIGHT;1;00;20;13,49;13,49;16,19;;
AF0303;WID;FA;301/10071452;2022-12-13;2;AC;21015731;ACC. SRIC WPT103 TYP C, EU LP2;1;10000;06;129,00;0;0;|0130165;
AF0303;WID;FA;301/10071452;2022-12-13;3;PR;21014304;HA MOMENT MRR4D 440 SLVGR;2;00;06;491,00;982;1036,01;|1059665|1059760;
AF0303;WID;FA;301/10071452;2022-12-13;4;GAR;10536516;WARRANTY EXTEND 2 YR-HIGH END;2;10000;06;55,00;0;0;;
AF0303;WID;FA;301/10071452;2022-12-13;5;ECO;10539532;TAX 2 ENV CONTRIBUTION;2;00;06;0,02;0,04;0,04;;
AF0012;WID;FA;301/10071454;2022-12-13;1;PR;ITE-10990485-L;MOMNT M-CIC 110 CIC;1;00;00;226,00;226;226;|347625;
AF0012;WID;FA;301/10071454;2022-12-13;2;PR;ITE-10990485-R;MOMNT M-CIC 110 CIC;1;00;00;226,00;226;226;|346100;
AF0012;WID;FA;301/10071455;2022-12-13;1;PR;10985475;HA MOMENT MRR2D 330 SLVGR;2;00;00;412,00;824;824;|1093814|1093824;
AF0012;WID;FA;301/10071455;2022-12-13;2;PD;10990735;REC V.2 RIC M 2R;1;00;00;29,90;29,9;29,9;|1798895;
AF0012;WID;FA;301/10071455;2022-12-13;3;PD;10990736;REC V.2 RIC M 2L;1;00;00;29,90;29,9;29,9;|1802453;
AF0012;WID;FA;301/10071455;2022-12-13;4;AC;21006776;ACC. MRIC WPT102 W CABLE EU;1;10000;00;129,00;0;0;|2133131;
AF0014;WID;FA;301/10071456;2022-12-13;1;PR;10985514;HA MOMENT MRB2D 330 SLVGR;2;00;00;412,00;824;824;|456576|457672;
AF0014;WID;FA;301/10071456;2022-12-13;2;PD;10977927;REC WIRED M RIC R 2R N.A;1;00;00;29,90;29,9;29,9;|6261242;
AF0014;WID;FA;301/10071456;2022-12-13;3;PD;10983549;REC WIRED M RIC L 2L N.A;1;00;00;29,90;29,9;29,9;|6268820;
AF0019;WID;FA;301/10071471;2022-12-14;1;PR;10985010;HA EVK E-FM 110 SLVGR;1;00;00;226,00;226;226;|028683;
AF0019;WID;FA;301/10071471;2022-12-14;2;PD;10983644;EARHOOK THINTUBE 1.4 3L;1;10000;00;3,20;0;0;;
AF0005;WID;FA;301/10071472;2022-12-14;1;PT;10536616;FREIGHT;1;00;00;13,49;13,49;13,49;;
AF0012;WID;FA;301/10071473;2022-12-14;1;PT;10536616;FREIGHT;1;00;00;13,49;13,49;13,49;;
AF0017;WID;FA;301/10071474;2022-12-14;1;PT;10536616;FREIGHT;1;00;00;13,49;13,49;13,49;;
AF0017;WID;FA;301/10071474;2022-12-14;2;GAR;10536516;WARRANTY EXTEND 2 YR-HIGH END;2;10000;00;55,00;0;0;;
AF0017;WID;FA;301/10071474;2022-12-14;3;GAR;10536516;WARRANTY EXTEND 2 YR-HIGH END;1;10000;00;55,00;0;0;;
AF0019;WID;FA;301/10071475;2022-12-14;1;PT;10536616;FREIGHT;1;00;00;13,49;13,49;13,49;;
AF0019;WID;FA;301/10071475;2022-12-14;2;GAR;10536516;WARRANTY EXTEND 2 YR-HIGH END;1;10000;00;55,00;0;0;;
AF0019;WID;FA;301/10071475;2022-12-14;3;ECO;10539532;TAX 2 ENV CONTRIBUTION;1;00;00;0,02;0,02;0,02;;
AF0011;WID;FA;301/10071476;2022-12-14;1;PT;10536616;FREIGHT;1;00;00;13,49;13,49;13,49;;
AF0014;WID;FA;301/10071477;2022-12-14;1;PT;10536616;FREIGHT;1;00;20;13,49;13,49;16,19;;
AF0017;WID;FA;301/10071480;2022-12-14;1;PR;10995960;HA ACTS AMRR2D PH SLVGR;2;00;00;491,00;982;982;|897272|897053;
AF0017;WID;FA;301/10071480;2022-12-14;2;AC;21006776;ACC. MRIC WPT102 W CABLE EU;1;10000;00;129,00;0;0;|2133237;
AF0017;WID;FA;301/10071480;2022-12-14;3;PD;10990735;REC V.2 RIC M 2R;1;00;00;29,90;29,9;29,9;|1798751;
AF0017;WID;FA;301/10071480;2022-12-14;4;PR;10995977;HA ACTS AMRR2D CO SLVGR;1;00;00;332,00;332;332;|897115;
AF0017;WID;FA;301/10071480;2022-12-14;5;AC;21006776;ACC. MRIC WPT102 W CABLE EU;1;10000;00;129,00;0;0;|2132433;
AF0017;WID;FA;301/10071480;2022-12-14;6;PD;10990735;REC V.2 RIC M 2R;1;00;00;29,90;29,9;29,9;|1798920;
AF0003;WID;FA;301/10071495;2022-12-15;1;PR;21014304;HA MOMENT MRR4D 440 SLVGR;2;00;00;491,00;982;982;|1059881|1059906;
AF0003;WID;FA;301/10071495;2022-12-15;2;AC;21006776;ACC. MRIC WPT102 W CABLE EU;1;10000;00;129,00;0;0;|2145307;
AF0003;WID;FA;301/10071495;2022-12-15;3;PD;10990735;REC V.2 RIC M 2R;1;00;00;29,90;29,9;29,9;|1633451;
AF0003;WID;FA;301/10071495;2022-12-15;4;PD;10990735;REC V.2 RIC M 2R;1;00;00;29,90;29,9;29,9;|1807067;
AF0569;WID;FA;301/10071496;2022-12-15;1;PT;10536616;FREIGHT;1;00;00;13,49;13,49;13,49;;
AF0569;WID;FA;301/10071496;2022-12-15;2;PR;10995960;HA ACTS AMRR2D PH SLVGR;2;00;00;491,00;982;982;|897073|897212;
AF0569;WID;FA;301/10071496;2022-12-15;3;GAR;10536516;WARRANTY EXTEND 2 YR-HIGH END;2;10000;00;55,00;0;0;;
AF0569;WID;FA;301/10071496;2022-12-15;4;ECO;10539532;TAX 2 ENV CONTRIBUTION;2;00;00;0,02;0,04;0,04;;
AF0569;WID;FA;301/10071496;2022-12-15;5;PD;10990744;REC V.2 RIC P 2R;1;00;00;29,90;29,9;29,9;|1775299;
AF0569;WID;FA;301/10071496;2022-12-15;6;PD;10990745;REC V.2 RIC P 2L;1;00;00;29,90;29,9;29,9;|1766836;
AF0569;WID;FA;301/10071496;2022-12-15;7;AC;21006776;ACC. MRIC WPT102 W CABLE EU;6;10000;00;129,00;0;0;|2128835|2128798|2128838|2128824|2128652|2128649;
AF0569;WID;FA;301/10071496;2022-12-15;8;ECO;10539532;TAX 2 ENV CONTRIBUTION;6;10000;00;0,02;0;0;;
AF0569;WID;FA;301/10071496;2022-12-15;9;PR;10989652;HA EJY E-PA E22 E 220 CABRN;4;00;00;160,00;640;640;|200126|200066|200096|200116;
AF0569;WID;FA;301/10071496;2022-12-15;10;GAR;10536516;WARRANTY EXTEND 2 YR-HIGH END;4;10000;00;55,00;0;0;;
AF0569;WID;FA;301/10071496;2022-12-15;11;ECO;10539532;TAX 2 ENV CONTRIBUTION;4;00;00;0,02;0,08;0,08;;
AF0569;WID;FA;301/10071496;2022-12-15;12;PD;10977927;REC WIRED M RIC R 2R N.A;2;00;00;29,90;59,8;59,8;|6086218|6242932;
AF0569;WID;FA;301/10071496;2022-12-15;13;PD;10983549;REC WIRED M RIC L 2L N.A;2;00;00;29,90;59,8;59,8;|5970557|5970404;
AF0569;WID;FA;301/10071496;2022-12-15;14;PR;10989658;HA EJY E-PA E22 E 220 TCBLK;6;00;00;160,00;960;960;|200053|200037|200103|200093|200027|200143;
AF0569;WID;FA;301/10071496;2022-12-15;15;GAR;10536516;WARRANTY EXTEND 2 YR-HIGH END;6;10000;00;55,00;0;0;;
AF0569;WID;FA;301/10071496;2022-12-15;16;ECO;10539532;TAX 2 ENV CONTRIBUTION;6;00;00;0,02;0,12;0,12;;
AF0569;WID;FA;301/10071496;2022-12-15;17;PD;10977927;REC WIRED M RIC R 2R N.A;3;00;00;29,90;89,7;89,7;|6242600|6084629|6043120;
AF0569;WID;FA;301/10071496;2022-12-15;18;PD;10983549;REC WIRED M RIC L 2L N.A;3;00;00;29,90;89,7;89,7;|5968009|5955777|6269184;
AF0569;WID;FA;301/10071496;2022-12-15;19;PR;10989660;HA EJY E-PA E22 E 220 TMGR;6;00;00;160,00;960;960;|200163|200226|200266|200286|200203|200296;
AF0569;WID;FA;301/10071496;2022-12-15;20;GAR;10536516;WARRANTY EXTEND 2 YR-HIGH END;6;10000;00;55,00;0;0;;
AF0569;WID;FA;301/10071496;2022-12-15;21;ECO;10539532;TAX 2 ENV CONTRIBUTION;6;00;00;0,02;0,12;0,12;;
AF0569;WID;FA;301/10071496;2022-12-15;22;PD;10977927;REC WIRED M RIC R 2R N.A;3;00;00;29,90;89,7;89,7;|6242766|6242953|6243071;
AF0569;WID;FA;301/10071496;2022-12-15;23;PD;10983549;REC WIRED M RIC L 2L N.A;3;00;00;29,90;89,7;89,7;|6173365|6209430|5970773;
AF0569;WID;FA;301/10071496;2022-12-15;24;PR;10973060;HA EJY E-FS-T 220 TCBLK;1;00;00;160,00;160;160;|403442;
AF0569;WID;FA;301/10071496;2022-12-15;25;GAR;10536516;WARRANTY EXTEND 2 YR-HIGH END;1;10000;00;55,00;0;0;;
AF0569;WID;FA;301/10071496;2022-12-15;26;ECO;10539532;TAX 2 ENV CONTRIBUTION;1;00;00;0,02;0,02;0,02;;
AF0569;WID;FA;301/10071496;2022-12-15;27;PR;10973062;HA EJY E-FS-T 220 TMGR;2;00;00;160,00;320;320;|403248|403258;
AF0569;WID;FA;301/10071496;2022-12-15;28;GAR;10536516;WARRANTY EXTEND 2 YR-HIGH END;2;10000;00;55,00;0;0;;
AF0569;WID;FA;301/10071496;2022-12-15;29;ECO;10539532;TAX 2 ENV CONTRIBUTION;2;00;00;0,02;0,04;0,04;;
AF0569;WID;FA;301/10071496;2022-12-15;30;PD;10977927;REC WIRED M RIC R 2R N.A;1;00;00;29,90;29,9;29,9;|6079188;
AF0569;WID;FA;301/10071496;2022-12-15;31;PD;10983549;REC WIRED M RIC L 2L N.A;1;00;00;29,90;29,9;29,9;|5968435;
AF0569;WID;FA;301/10071496;2022-12-15;32;PR;10995977;HA ACTS AMRR2D CO SLVGR;3;00;00;332,00;996;996;|896997|897085|897105;
AF0569;WID;FA;301/10071496;2022-12-15;33;GAR;10536516;WARRANTY EXTEND 2 YR-HIGH END;3;10000;00;55,00;0;0;;
AF0569;WID;FA;301/10071496;2022-12-15;34;ECO;10539532;TAX 2 ENV CONTRIBUTION;3;00;00;0,02;0,06;0,06;;
AF0569;WID;FA;301/10071496;2022-12-15;35;PD;10990744;REC V.2 RIC P 2R;1;00;00;29,90;29,9;29,9;|1736969;
AF0569;WID;FA;301/10071496;2022-12-15;36;PD;10990745;REC V.2 RIC P 2L;1;00;00;29,90;29,9;29,9;|1761213;
AF0569;WID;FA;301/10071496;2022-12-15;37;PR;10995989;HA ACTS AMRR2D CO TCBLK;6;00;00;332,00;1992;1992;|897987|897997|896962|896952|897147|896938;
AF0569;WID;FA;301/10071496;2022-12-15;38;GAR;10536516;WARRANTY EXTEND 2 YR-HIGH END;6;10000;00;55,00;0;0;;
AF0569;WID;FA;301/10071496;2022-12-15;39;ECO;10539532;TAX 2 ENV CONTRIBUTION;6;00;00;0,02;0,12;0,12;;
AF0569;WID;FA;301/10071496;2022-12-15;40;PD;10990735;REC V.2 RIC M 2R;1;00;00;29,90;29,9;29,9;|1799394;
AF0569;WID;FA;301/10071496;2022-12-15;41;PD;10990736;REC V.2 RIC M 2L;1;00;00;29,90;29,9;29,9;|1797095;
AF0569;WID;FA;301/10071496;2022-12-15;42;PR;10995985;HA ACTS AMRB0 CO SLVGR;2;00;00;305,00;610;610;|146177|146167;
AF0569;WID;FA;301/10071496;2022-12-15;43;GAR;10536516;WARRANTY EXTEND 2 YR-HIGH END;2;10000;00;55,00;0;0;;
AF0569;WID;FA;301/10071496;2022-12-15;44;ECO;10539532;TAX 2 ENV CONTRIBUTION;2;00;00;0,02;0,04;0,04;;
AF0569;WID;FA;301/10071496;2022-12-15;45;PD;10983539;REC WIRED S RIC R 2R N.A;4;00;00;29,90;119,6;119,6;|2386551|2389804|2387952|2386569;
AF0569;WID;FA;301/10071496;2022-12-15;46;PD;10983540;REC WIRED S RIC L 2L N.A;4;00;00;29,90;119,6;119,6;|2378910|2386026|2378918|2378896;
AF0003;WID;FA;301/10071497;2022-12-15;1;PT;10536616;FREIGHT;1;00;00;13,49;13,49;13,49;;
AF0003;WID;FA;301/10071497;2022-12-15;2;GAR;10536516;WARRANTY EXTEND 2 YR-HIGH END;2;10000;00;55,00;0;0;;
AF0012;WID;FA;301/10071517;2022-12-16;1;PD;21007241;HSG TOP MBR3D NANO GBRN;2;10000;00;7,00;0;0;;
AF0012;WID;FA;301/10071517;2022-12-16;2;PD;21007228;HSG BTM MBR3D NANO GBRN;2;10000;00;11,00;0;0;;
AF0012;WID;FA;301/10071517;2022-12-16;3;PD;21007251;PB VOL. KEY W LED 2K NANO GLDN;2;10000;00;11,00;0;0;;
AF0012;WID;FA;301/10071517;2022-12-16;4;PD;21002962;PB PROGRAM BUTTON NANO GLDN;2;10000;00;11,00;0;0;;
AF0012;WID;FA;301/10071517;2022-12-16;5;AC;21007255;AXLE LOCK PIN;2;00;00;11,00;22;22;;
AF0017;WID;FA;301/10071518;2022-12-16;1;PD;10990736;REC V.2 RIC M 2L;1;00;00;29,90;29,9;29,9;|1812995;
AF0014;WID;FA;301/10071519;2022-12-16;1;PR;10985485;HA MOMENT MRR2D 440 CCRN;1;00;00;491,00;491;491;|1093704;
AF0014;WID;FA;301/10071519;2022-12-16;2;PD;10990736;REC V.2 RIC M 2L;1;00;00;29,90;29,9;29,9;|1818542;
AF0014;WID;FA;301/10071519;2022-12-16;3;AC;21006776;ACC. MRIC WPT102 W CABLE EU;1;10000;00;129,00;0;0;|2128786;
AF0003;WID;FA;301/10071520;2022-12-16;1;PD;10990736;REC V.2 RIC M 2L;2;00;00;29,90;59,8;59,8;|1809224|1809218;
AF0017;WID;FA;301/10071521;2022-12-16;1;PR;10995960;HA ACTS AMRR2D PH SLVGR;2;00;00;491,00;982;982;|897013|897043;
AF0017;WID;FA;301/10071521;2022-12-16;2;AC;21006776;ACC. MRIC WPT102 W CABLE EU;1;10000;00;129,00;0;0;|2128554;
AF0017;WID;FA;301/10071521;2022-12-16;3;PD;10990735;REC V.2 RIC M 2R;1;00;00;29,90;29,9;29,9;|1810199;
AF0017;WID;FA;301/10071521;2022-12-16;4;PD;10990736;REC V.2 RIC M 2L;1;00;00;29,90;29,9;29,9;|1808612;
AF0014;WID;FA;301/10071522;2022-12-16;1;PT;10536616;FREIGHT;1;00;20;13,49;13,49;16,19;;
AF0014;WID;FA;301/10071522;2022-12-16;2;GAR;10536516;WARRANTY EXTEND 2 YR-HIGH END;1;10000;06;55,00;0;0;;
AF0014;WID;FA;301/10071522;2022-12-16;3;ECO;10539532;TAX 2 ENV CONTRIBUTION;1;00;06;0,02;0,02;0,02;;
AF0014;WID;FA;301/10071522;2022-12-16;4;ECO;10539532;TAX 2 ENV CONTRIBUTION;1;10000;06;0,02;0;0;;
AF0012;WID;FA;301/10071523;2022-12-16;1;PT;10536616;FREIGHT;1;00;00;13,49;13,49;13,49;;
AF0017;WID;FA;301/10071526;2022-12-16;1;PT;10536616;FREIGHT;1;00;00;13,49;13,49;13,49;;
AF0017;WID;FA;301/10071526;2022-12-16;2;GAR;10536516;WARRANTY EXTEND 2 YR-HIGH END;2;10000;00;55,00;0;0;;
AF0014;WID;FA;301/10071545;2022-12-17;1;PT;10536616;FREIGHT;1;00;20;13,49;13,49;16,19;;
AF0014;WID;FA;301/10071545;2022-12-17;2;GAR;10536516;WARRANTY EXTEND 2 YR-HIGH END;2;10000;06;55,00;0;0;;
AF0014;WID;FA;301/10071545;2022-12-17;3;ECO;10539532;TAX 2 ENV CONTRIBUTION;2;00;06;0,02;0,04;0,04;;
AF0014;WID;FA;301/10071545;2022-12-17;4;ECO;10539532;TAX 2 ENV CONTRIBUTION;1;10000;06;0,02;0;0;;
AF0003;WID;FA;301/10071546;2022-12-17;1;PR;10995984;HA ACTS AMRR2D PH GBRN;2;00;00;491,00;982;982;|897132|897122;
AF0003;WID;FA;301/10071546;2022-12-17;2;AC;21006776;ACC. MRIC WPT102 W CABLE EU;1;10000;00;129,00;0;0;|2145972;
AF0003;WID;FA;301/10071546;2022-12-17;3;PD;10990735;REC V.2 RIC M 2R;1;00;00;29,90;29,9;29,9;|1809292;
AF0003;WID;FA;301/10071546;2022-12-17;4;PD;10990736;REC V.2 RIC M 2L;1;00;00;29,90;29,9;29,9;|1809802;
AF0014;WID;FA;301/10071547;2022-12-17;1;PR;10985475;HA MOMENT MRR2D 330 SLVGR;2;00;00;412,00;824;824;|1125104|1125054;
AF0014;WID;FA;301/10071547;2022-12-17;2;PD;10990735;REC V.2 RIC M 2R;1;00;00;29,90;29,9;29,9;|1628301;
AF0014;WID;FA;301/10071547;2022-12-17;3;PD;10990745;REC V.2 RIC P 2L;1;00;00;29,90;29,9;29,9;|1766850;
AF0014;WID;FA;301/10071547;2022-12-17;4;AC;21006776;ACC. MRIC WPT102 W CABLE EU;1;10000;00;129,00;0;0;|2145897;
AF0003;WID;FA;301/10071548;2022-12-17;1;PT;10536616;FREIGHT;1;00;00;13,49;13,49;13,49;;
AF0003;WID;FA;301/10071548;2022-12-17;2;GAR;10536516;WARRANTY EXTEND 2 YR-HIGH END;2;10000;00;55,00;0;0;;
AF0002;WID;FA;301/10071555;2022-12-19;1;PT;10536616;FREIGHT;1;00;00;13,49;13,49;13,49;;
AF0002;WID;FA;301/10071555;2022-12-19;2;GAR;10536516;WARRANTY EXTEND 2 YR-HIGH END;1;10000;00;55,00;0;0;;
AF0002;WID;FA;301/10071556;2022-12-19;1;PR;10995978;HA ACTS AMRR2D SY TCBLK;1;00;00;412,00;412;412;|896955;
AF0002;WID;FA;301/10071556;2022-12-19;2;PD;10990736;REC V.2 RIC M 2L;1;00;00;29,90;29,9;29,9;|1803361;
AF0002;WID;FA;301/10071556;2022-12-19;3;AC;21006776;ACC. MRIC WPT102 W CABLE EU;1;10000;00;129,00;0;0;|2145890;
AF0005;WID;FA;301/10071594;2022-12-21;1;PT;10536616;FREIGHT;1;00;00;13,49;13,49;13,49;;
AF0005;WID;FA;301/10071594;2022-12-21;2;GAR;10536516;WARRANTY EXTEND 2 YR-HIGH END;1;10000;00;55,00;0;0;;
AF0005;WID;FA;301/10071595;2022-12-21;1;PR;10972993;HA EVK E-FS-T 110 TCBLK;1;00;00;226,00;226;226;|296126;
AF0005;WID;FA;301/10071595;2022-12-21;2;AC;10971946;HA CROS-FS MBLK;1;3000;00;799,00;559,3;559,3;|105041;
AF0005;WID;FA;301/10071595;2022-12-21;3;PD;10977927;REC WIRED M RIC R 2R N.A;1;00;00;29,90;29,9;29,9;|6084956;
AF0005;WID;FA;301/10071595;2022-12-21;4;PD;10983549;REC WIRED M RIC L 2L N.A;1;00;00;29,90;29,9;29,9;|6250764;
AF0005;WID;FA;301/10071621;2022-12-23;1;PT;10536616;FREIGHT;1;00;00;13,49;13,49;13,49;;
AF0005;WID;FA;301/10071622;2022-12-23;1;PD;10990736;REC V.2 RIC M 2L;3;00;00;29,90;89,7;89,7;|1808658|1809045|1809058;
AF0005;WID;FA;301/10071622;2022-12-23;2;PD;10990733;REC V.2 RIC M 1R;1;00;00;29,90;29,9;29,9;|1772236;
AF0005;WID;FA;301/10071622;2022-12-23;3;PD;10990740;REC V.2 RIC M 4L;2;00;00;29,90;59,8;59,8;|1754370|1551042;
AF0005;WID;FA;301/10071622;2022-12-23;4;PD;10983548;REC WIRED M RIC L 1L N.A;1;00;00;29,90;29,9;29,9;|6094672;
AF0005;WID;FA;301/10071622;2022-12-23;5;PD;10983549;REC WIRED M RIC L 2L N.A;4;00;00;29,90;119,6;119,6;|6239238|6246039|6242353|6235700;
AF0005;WID;FA;301/10071622;2022-12-23;6;PD;10983551;REC WIRED M RIC L 3L N.A;2;00;00;29,90;59,8;59,8;|6254318|5817562;
AF0005;WID;FA;301/10071622;2022-12-23;7;PD;21008584;SLEEVE VENTED XS WIDEX;3;10000;00;10,00;0;0;;
AF0005;WID;FA;301/10071622;2022-12-23;8;PD;21008585;SLEEVE VENTED S WIDEX;3;10000;00;10,00;0;0;;
AF0005;WID;FA;301/10071622;2022-12-23;9;PD;21008588;SLEEVE POWER XS WIDEX;3;10000;00;10,00;0;0;;
AF0005;WID;FA;301/10071622;2022-12-23;10;PD;21008589;SLEEVE POWER S WIDEX;3;10000;00;10,00;0;0;;
AF0005;WID;FA;301/10071622;2022-12-23;11;PD;10983702;PKG INSTANT OPEN EARTIP XS 10;3;10000;00;10,00;0;0;;
AF0005;WID;FA;301/10071622;2022-12-23;12;PD;10983703;PKG INSTANT OPEN EARTIP S 10;3;10000;00;10,00;0;0;;
AF0005;WID;FA;301/10071622;2022-12-23;13;PD;10983704;PKG INSTANT OPEN EARTIP L 10;3;10000;00;10,00;0;0;;
AF0005;WID;FA;301/10071622;2022-12-23;14;PD;10983705;PKG INSTANT TULIP EARTIP M 10;3;10000;00;10,00;0;0;;
AF0005;WID;FA;301/10071622;2022-12-23;15;PD;10983706;PKG INSTANT TULIP EARTIP L 10;3;10000;00;10,00;0;0;;
AF0005;WID;FA;301/10071622;2022-12-23;16;PD;10983708;PKG DOUBLE EARTIP S 10;3;10000;00;10,00;0;0;;
AF0005;WID;FA;301/10071622;2022-12-23;17;PD;10983709;PKG DOUBLE EARTIP M 10;3;10000;00;10,00;0;0;;
AF0005;WID;FA;301/10071622;2022-12-23;18;PD;10983710;PKG DOUBLE EARTIP L 10;3;10000;00;10,00;0;0;;
AF0569;WID;FA;301/10071667;2022-12-28;1;PT;10536616;FREIGHT;1;00;00;13,49;13,49;13,49;;
AF0569;WID;FA;301/10071667;2022-12-28;2;PR;ITE-10980081-L;EJY E-CIC-M 220 CIC;1;00;00;160,00;160;160;|325096;
AF0569;WID;FA;301/10071667;2022-12-28;3;GAR;10536516;WARRANTY EXTEND 2 YR-HIGH END;1;10000;00;55,00;0;0;;
AF0569;WID;FA;301/10071667;2022-12-28;4;ECO;10539532;TAX 2 ENV CONTRIBUTION;1;00;00;0,02;0,02;0,02;;
AF0569;WID;FA;301/10071667;2022-12-28;5;AUT;10240037;FEE SHELL FOR ITE;1;00;00;60,00;60;60;;
AF0549;WID;FA;301/10071668;2022-12-28;1;PT;10536616;FREIGHT;1;00;00;13,49;13,49;13,49;;
AF0549;WID;FA;301/10071668;2022-12-28;2;PR;10985464;HA MOMENT MRR2D 220 TMGR;2;00;00;332,00;664;664;|1125462|1125372;
AF0549;WID;FA;301/10071668;2022-12-28;3;GAR;10536516;WARRANTY EXTEND 2 YR-HIGH END;2;10000;00;55,00;0;0;;
AF0549;WID;FA;301/10071668;2022-12-28;4;ECO;10539532;TAX 2 ENV CONTRIBUTION;2;00;00;0,02;0,04;0,04;;
AF0549;WID;FA;301/10071668;2022-12-28;5;PD;10990737;REC V.2 RIC M 3R;1;00;00;29,90;29,9;29,9;|1853369;
AF0549;WID;FA;301/10071668;2022-12-28;6;PD;10990738;REC V.2 RIC M 3L;1;00;00;29,90;29,9;29,9;|1857044;
AF0549;WID;FA;301/10071668;2022-12-28;7;AC;21006767;ACC. MRIC CHARGE WPC101 TYP C;1;00;00;105,00;105;105;|0157669;
AF0549;WID;FA;301/10071668;2022-12-28;8;ECO;10539532;TAX 2 ENV CONTRIBUTION;1;10000;00;0,02;0;0;;
AF0549;WID;FA;301/10071668;2022-12-28;9;PD;10990734;REC V.2 RIC M 1L;2;00;00;29,90;59,8;59,8;|1841161|1847465;
AF0549;WID;FA;301/10071668;2022-12-28;10;PD;10990733;REC V.2 RIC M 1R;1;00;00;29,90;29,9;29,9;|1770647;
AF0549;WID;FA;301/10071668;2022-12-28;11;PD;10983548;REC WIRED M RIC L 1L N.A;2;00;00;29,90;59,8;59,8;|6095166|6093914;
AF0549;WID;FA;301/10071668;2022-12-28;12;PD;10977927;REC WIRED M RIC R 2R N.A;2;00;00;29,90;59,8;59,8;|6060999|6241011;
AF0549;WID;FA;301/10071668;2022-12-28;13;PD;10983549;REC WIRED M RIC L 2L N.A;1;00;00;29,90;29,9;29,9;|6241525;
AF0549;WID;FA;301/10071668;2022-12-28;14;PD;10983705;PKG INSTANT TULIP EARTIP M 10;1;10000;00;10,00;0;0;;
AF0549;WID;FA;301/10071668;2022-12-28;15;PD;10983713;INSTANT ROUND EARTIP M ONE VEN;1;10000;00;10,00;0;0;;
AF0549;WID;FA;301/10071668;2022-12-28;16;PD;10983703;PKG INSTANT OPEN EARTIP S 10;1;10000;00;10,00;0;0;;
AF0549;WID;FA;301/10071668;2022-12-28;17;PD;10983709;PKG DOUBLE EARTIP M 10;1;10000;00;10,00;0;0;;
AF0549;WID;FA;301/10071668;2022-12-28;18;PD;10983710;PKG DOUBLE EARTIP L 10;1;10000;00;10,00;0;0;;
AF0549;WID;FA;301/10071668;2022-12-28;19;PD;10983716;INSTANT ROUND EARTIP M TWO VEN;1;10000;00;10,00;0;0;;
AF0019;WID;FA;301/10071871;2022-12-30;1;PR;10995977;HA ACTS AMRR2D CO SLVGR;2;00;00;332,00;664;664;|21897062|21897102;
AF0019;WID;FA;301/10071871;2022-12-30;2;PD;10990735;REC V.2 RIC M 2R;1;00;00;29,90;29,9;29,9;|1628304;
AF0019;WID;FA;301/10071871;2022-12-30;3;PD;10990736;REC V.2 RIC M 2L;1;00;00;29,90;29,9;29,9;|1794022;
AF0019;WID;FA;301/10071871;2022-12-30;4;AC;21006776;ACC. MRIC WPT102 W CABLE EU;1;10000;00;129,00;0;0;|2145969;
AF0002;WID;FA;301/10071872;2022-12-30;1;PR;10995960;HA ACTS AMRR2D PH SLVGR;2;00;00;491,00;982;982;|897074|897094;
AF0002;WID;FA;301/10071872;2022-12-30;2;PD;10990737;REC V.2 RIC M 3R;1;00;00;29,90;29,9;29,9;|1801736;
AF0002;WID;FA;301/10071872;2022-12-30;3;PD;10990738;REC V.2 RIC M 3L;1;00;00;29,90;29,9;29,9;|1779387;
AF0002;WID;FA;301/10071872;2022-12-30;4;AC;21006776;ACC. MRIC WPT102 W CABLE EU;1;10000;00;129,00;0;0;|2145942;
AF0005;WID;FA;301/10071873;2022-12-30;1;PR;21014307;HA MOMENT MRR4D 110 SLVGR;2;00;00;276,00;552;552;|1039558|1039508;
AF0005;WID;FA;301/10071873;2022-12-30;2;AC;21015731;ACC. SRIC WPT103 TYP C, EU LP2;1;10000;00;129,00;0;0;|0108925;
AF0005;WID;FA;301/10071873;2022-12-30;3;PD;10990735;REC V.2 RIC M 2R;1;00;00;29,90;29,9;29,9;|1820934;
AF0005;WID;FA;301/10071873;2022-12-30;4;PD;10990736;REC V.2 RIC M 2L;1;00;00;29,90;29,9;29,9;|1767162;
AF0005;WID;FA;301/10071874;2022-12-30;1;AC;21017808;ACC. SOUND ASSIST DEVICE EU1;1;2000;00;399,00;319,2;319,2;|010273;
AF0017;WID;FA;301/10071875;2022-12-30;1;PR;10989371;HA MOMENT MRR2D 110 SLVGR;1;00;00;276,00;276;276;|1124894;
AF0017;WID;FA;301/10071875;2022-12-30;2;PD;10990733;REC V.2 RIC M 1R;1;00;00;29,90;29,9;29,9;|1842601;
AF0012;WID;FA;301/10071876;2022-12-30;1;PR;10989352;HA MOMENT MRR2D 110 GBRN;2;00;00;276,00;552;552;|1125337|1125367;
AF0012;WID;FA;301/10071876;2022-12-30;2;PD;10983549;REC WIRED M RIC L 2L N.A;1;00;00;29,90;29,9;29,9;|6251338;
AF0012;WID;FA;301/10071876;2022-12-30;3;PD;10977927;REC WIRED M RIC R 2R N.A;1;00;00;29,90;29,9;29,9;|6282256;
AF0002;WID;FA;301/10071877;2022-12-30;1;AC;10971944;HA CROS-FS WISLV;1;3000;00;799,00;559,3;559,3;|104732;
AF0002;WID;FA;301/10071877;2022-12-30;2;PR;10995967;HA ACTS AMRB2D PR SLVGR;1;00;00;226,00;226;226;|039091;
AF0002;WID;FA;301/10071877;2022-12-30;3;PD;10977927;REC WIRED M RIC R 2R N.A;1;00;00;29,90;29,9;29,9;|6085315;
AF0002;WID;FA;301/10071877;2022-12-30;4;PD;10983549;REC WIRED M RIC L 2L N.A;1;00;00;29,90;29,9;29,9;|6251255;
AF0002;WID;FA;301/10071877;2022-12-30;5;PR;10995979;HA ACTS AMRR2D SY SLVGR;2;00;00;412,00;824;824;|897620|897720;
AF0002;WID;FA;301/10071877;2022-12-30;6;PD;10990744;REC V.2 RIC P 2R;1;00;00;29,90;29,9;29,9;|1711619;
AF0002;WID;FA;301/10071877;2022-12-30;7;PD;10990745;REC V.2 RIC P 2L;1;00;00;29,90;29,9;29,9;|1761211;
AF0002;WID;FA;301/10071877;2022-12-30;8;AC;21006776;ACC. MRIC WPT102 W CABLE EU;1;10000;00;129,00;0;0;|2145887;
AF0002;WID;FA;301/10071878;2022-12-30;1;PR;21007190;HA MOMENT MBR3D 220 SLVGR;2;00;00;332,00;664;664;|1057326|1030469;
AF0002;WID;FA;301/10071878;2022-12-30;2;PR;10995977;HA ACTS AMRR2D CO SLVGR;2;00;00;332,00;664;664;|897012|896983;
AF0002;WID;FA;301/10071878;2022-12-30;3;PD;10990737;REC V.2 RIC M 3R;1;00;00;29,90;29,9;29,9;|1802012;
AF0002;WID;FA;301/10071878;2022-12-30;4;PD;10990738;REC V.2 RIC M 3L;1;00;00;29,90;29,9;29,9;|1779429;
AF0002;WID;FA;301/10071878;2022-12-30;5;AC;21006776;ACC. MRIC WPT102 W CABLE EU;1;10000;00;129,00;0;0;|2146024;
AF0005;WID;FA;301/10071879;2022-12-30;1;PR;21002769;HA MOM MBB3D 330 CCRN;2;00;00;412,00;824;824;|1078273|1078274;
AF0005;WID;FA;301/10071879;2022-12-30;2;PD;21002957;HSG TOP NANO DCHY;2;10000;00;11,95;0;0;;
AF0005;WID;FA;301/10071879;2022-12-30;3;PD;21003215;HSG BTM NANO CHY;2;10000;00;11,00;0;0;;
AF0005;WID;FA;301/10071879;2022-12-30;4;PD;21002873;BTY DRAWER NANO CHY;2;10000;00;11,00;0;0;;
AF0005;WID;FA;301/10071879;2022-12-30;5;PD;21002810;PB VOL BTN NANO CHY;2;10000;00;4,05;0;0;;
AF0019;WID;FA;301/10071880;2022-12-30;1;PR;10985426;HA MOMENT MRB0 220 ATBG;2;00;00;305,00;610;610;|182138|182008;
AF0019;WID;FA;301/10071880;2022-12-30;2;PD;10977927;REC WIRED M RIC R 2R N.A;1;00;00;29,90;29,9;29,9;|6286005;
AF0019;WID;FA;301/10071880;2022-12-30;3;PD;10983549;REC WIRED M RIC L 2L N.A;1;00;00;29,90;29,9;29,9;|6088277;
AF0011;WID;FA;301/10071881;2022-12-30;1;PR;10985475;HA MOMENT MRR2D 330 SLVGR;2;00;00;412,00;824;824;|1117902|1118032;
AF0011;WID;FA;301/10071881;2022-12-30;2;PD;10990735;REC V.2 RIC M 2R;1;00;00;29,90;29,9;29,9;|1807509;
AF0011;WID;FA;301/10071881;2022-12-30;3;PD;10990736;REC V.2 RIC M 2L;1;00;00;29,90;29,9;29,9;|1820803;
AF0011;WID;FA;301/10071881;2022-12-30;4;PR;21007177;HA MOMENT MBR3D 110 SLVGR;2;00;00;276,00;552;552;|1059547|1059517;
AF0011;WID;FA;301/10071881;2022-12-30;5;AC;21006781;ACC. BTE WPT202 W CABLE EU;1;10000;00;139,00;0;0;|2129574;
AF0011;WID;FA;301/10071882;2022-12-30;1;PD;10990747;REC V.2 RIC P 3L;1;00;00;29,90;29,9;29,9;|1778560;
AF0011;WID;FA;301/10071883;2022-12-30;1;PR;10985475;HA MOMENT MRR2D 330 SLVGR;2;00;00;412,00;824;824;|1117882|1117892;
AF0011;WID;FA;301/10071883;2022-12-30;2;PD;10990745;REC V.2 RIC P 2L;1;00;00;29,90;29,9;29,9;|1730004;
AF0011;WID;FA;301/10071883;2022-12-30;3;PD;10990744;REC V.2 RIC P 2R;1;00;00;29,90;29,9;29,9;|1613937;
AF0011;WID;FA;301/10071883;2022-12-30;4;AC;21006776;ACC. MRIC WPT102 W CABLE EU;1;10000;00;129,00;0;0;|2128504;
AF0002;WID;FA;301/10071885;2022-12-30;1;PR;10973034;HA EVK E-FS-T 220 SLVGR;1;00;00;305,00;305;305;|295704;
AF0002;WID;FA;301/10071885;2022-12-30;2;PD;10977927;REC WIRED M RIC R 2R N.A;1;00;00;29,90;29,9;29,9;|6241186;
AF0011;WID;FA;301/10071887;2022-12-30;1;PD;10990745;REC V.2 RIC P 2L;1;00;00;29,90;29,9;29,9;|1795368;
AF0017;WID;FA;301/10071888;2022-12-30;1;PR;10995960;HA ACTS AMRR2D PH SLVGR;1;00;00;491,00;491;491;|897222;
AF0017;WID;FA;301/10071888;2022-12-30;2;PD;10990735;REC V.2 RIC M 2R;1;00;00;29,90;29,9;29,9;|1809366;
AF0017;WID;FA;301/10071888;2022-12-30;3;PD;10990736;REC V.2 RIC M 2L;1;00;00;29,90;29,9;29,9;|1825231;
AF0017;WID;FA;301/10071888;2022-12-30;4;AC;21006776;ACC. MRIC WPT102 W CABLE EU;1;10000;00;129,00;0;0;|2128781;
AF0019;WID;FA;301/10071889;2022-12-30;1;PD;10983707;PKG DOUBLE EARTIP XS 10;1;10000;00;10,00;0;0;;
AF0019;WID;FA;301/10071889;2022-12-30;2;PD;10983708;PKG DOUBLE EARTIP S 10;5;10000;00;10,00;0;0;;
AF0019;WID;FA;301/10071889;2022-12-30;3;PD;10983709;PKG DOUBLE EARTIP M 10;5;10000;00;10,00;0;0;;
AF0019;WID;FA;301/10071889;2022-12-30;4;PD;21008584;SLEEVE VENTED XS WIDEX;3;10000;00;10,00;0;0;;
AF0019;WID;FA;301/10071889;2022-12-30;5;PD;21008586;SLEEVE VENTED M WIDEX;2;10000;00;10,00;0;0;;
AF0019;WID;FA;301/10071889;2022-12-30;6;PD;21008575;INSTANT OPEN ROUND EARTIP L WI;1;10000;00;10,00;0;0;;
AF0019;WID;FA;301/10071889;2022-12-30;7;PD;10983713;INSTANT ROUND EARTIP M ONE VEN;1;10000;00;10,00;0;0;;
AF0019;WID;FA;301/10071889;2022-12-30;8;PD;21008573;INSTANT OPEN ROUND EARTIP S WI;1;10000;00;10,00;0;0;;
AF0019;WID;FA;301/10071889;2022-12-30;9;PR;10995979;HA ACTS AMRR2D SY SLVGR;2;00;00;412,00;824;824;|897650|897610;
AF0019;WID;FA;301/10071889;2022-12-30;10;PD;10990735;REC V.2 RIC M 2R;1;00;00;29,90;29,9;29,9;|1815403;
AF0019;WID;FA;301/10071889;2022-12-30;11;PD;10990736;REC V.2 RIC M 2L;1;00;00;29,90;29,9;29,9;|1815342;
AF0019;WID;FA;301/10071889;2022-12-30;12;AC;21006776;ACC. MRIC WPT102 W CABLE EU;1;10000;00;129,00;0;0;|2146192;
AF0005;WID;FA;301/10071892;2022-12-30;1;PR;10972994;HA EVK E-FS-T 110 SLVGR;1;00;00;226,00;226;226;|295784;
AF0005;WID;FA;301/10071892;2022-12-30;2;AC;10971944;HA CROS-FS WISLV;1;3000;00;799,00;559,3;559,3;|104674;
AF0012;WID;FA;301/10071893;2022-12-30;1;PR;10989344;HA MOMENT MRB2D 110 GBRN;2;00;00;226,00;452;452;|458650|458750;
AF0012;WID;FA;301/10071893;2022-12-30;2;PD;10977927;REC WIRED M RIC R 2R N.A;1;00;00;29,90;29,9;29,9;|6259854;
AF0012;WID;FA;301/10071893;2022-12-30;3;PD;10983549;REC WIRED M RIC L 2L N.A;1;00;00;29,90;29,9;29,9;|6241844;
AF0012;WID;FA;301/10071894;2022-12-30;1;PD;10969100;PART EARHOOK HOOK TR2;2;10000;00;2,10;0;0;;
AF0012;WID;FA;301/10071894;2022-12-30;2;PR;10995976;HA ACTS AMRR2D PR GBRN;2;00;00;276,00;552;552;|896985|896995;
AF0012;WID;FA;301/10071894;2022-12-30;3;PD;10990736;REC V.2 RIC M 2L;1;00;00;29,90;29,9;29,9;|1811496;
AF0012;WID;FA;301/10071894;2022-12-30;4;PD;10990744;REC V.2 RIC P 2R;1;00;00;29,90;29,9;29,9;|1844514;
AF0012;WID;FA;301/10071894;2022-12-30;5;AC;21006776;ACC. MRIC WPT102 W CABLE EU;1;10000;00;129,00;0;0;|2144967;
AF0303;WID;FA;301/10071895;2022-12-30;1;PT;10536616;FREIGHT;1;00;20;13,49;13,49;16,19;;
AF0303;WID;FA;301/10071895;2022-12-30;2;PR;10985484;HA MOMENT MRR2D 440 HNBL;2;00;06;491,00;982;1036,01;|1119533|1119553;
AF0303;WID;FA;301/10071895;2022-12-30;3;GAR;10536516;WARRANTY EXTEND 2 YR-HIGH END;2;10000;06;55,00;0;0;;
AF0303;WID;FA;301/10071895;2022-12-30;4;ECO;10539532;TAX 2 ENV CONTRIBUTION;2;00;06;0,02;0,04;0,04;;
AF0303;WID;FA;301/10071895;2022-12-30;5;AC;10985616;ACC. TV PLAY KIT LANG PACK 1;1;2000;06;179,00;143,2;151,08;|089677;
AF0303;WID;FA;301/10071895;2022-12-30;6;ECO;10539538;TAX 8 ENV CONTRIBUTION;1;00;06;0,11;0,11;0,12;;
AF0303;WID;FA;301/10071895;2022-12-30;7;AC;21006776;ACC. MRIC WPT102 W CABLE EU;1;10000;06;129,00;0;0;|2145904;
AF0303;WID;FA;301/10071895;2022-12-30;8;ECO;10539532;TAX 2 ENV CONTRIBUTION;1;10000;06;0,02;0;0;;
AF0003;WID;FA;301/10071896;2022-12-30;1;PT;10536616;FREIGHT;1;00;20;13,49;13,49;16,19;;
AF0003;WID;FA;301/10071896;2022-12-30;2;GAR;10536516;WARRANTY EXTEND 2 YR-HIGH END;1;10000;06;55,00;0;0;;
AF0303;WID;FA;301/10071897;2022-12-30;1;PT;10536616;FREIGHT;1;00;20;13,49;13,49;16,19;;
AF0303;WID;FA;301/10071897;2022-12-30;2;PR;21014306;HA MOMENT MRR4D 220 SLVGR;2;00;06;332,00;664;700,52;|1071829|1071697;
AF0303;WID;FA;301/10071897;2022-12-30;3;GAR;10536516;WARRANTY EXTEND 2 YR-HIGH END;2;10000;06;55,00;0;0;;
AF0303;WID;FA;301/10071897;2022-12-30;4;ECO;10539532;TAX 2 ENV CONTRIBUTION;2;00;06;0,02;0,04;0,04;;
AF0303;WID;FA;301/10071897;2022-12-30;5;AC;21015731;ACC. SRIC WPT103 TYP C, EU LP2;1;10000;06;129,00;0;0;|0129106;
AF0303;WID;FA;301/10071897;2022-12-30;6;PD;10990735;REC V.2 RIC M 2R;1;00;06;29,90;29,9;31,54;|1809445;
AF0303;WID;FA;301/10071897;2022-12-30;7;PD;10990736;REC V.2 RIC M 2L;1;00;06;29,90;29,9;31,54;|1822783;
AF0014;WID;FA;301/10071898;2022-12-30;1;PT;10536616;FREIGHT;1;00;20;13,49;13,49;16,19;;
AF0014;WID;FA;301/10071898;2022-12-30;2;GAR;10536516;WARRANTY EXTEND 2 YR-HIGH END;2;10000;06;55,00;0;0;;
AF0014;WID;FA;301/10071898;2022-12-30;3;ECO;10539532;TAX 2 ENV CONTRIBUTION;2;00;06;0,02;0,04;0,04;;
AF0014;WID;FA;301/10071898;2022-12-30;4;GAR;10536516;WARRANTY EXTEND 2 YR-HIGH END;2;10000;06;55,00;0;0;;
AF0014;WID;FA;301/10071898;2022-12-30;5;ECO;10539532;TAX 2 ENV CONTRIBUTION;2;00;06;0,02;0,04;0,04;;
AF0003;WID;FA;301/10071899;2022-12-30;1;PT;10536616;FREIGHT;1;00;20;13,49;13,49;16,19;;
AF0003;WID;FA;301/10071899;2022-12-30;2;GAR;10536516;WARRANTY EXTEND 2 YR-HIGH END;1;10000;06;55,00;0;0;;
AF0014;WID;FA;301/10071900;2022-12-30;1;PT;10536616;FREIGHT;1;00;20;13,49;13,49;16,19;;
AF0011;WID;FA;301/10071901;2022-12-30;1;PT;10536616;FREIGHT;1;00;00;13,49;13,49;13,49;;
AF0011;WID;FA;301/10071901;2022-12-30;2;GAR;10536516;WARRANTY EXTEND 2 YR-HIGH END;2;10000;00;55,00;0;0;;
AF0011;WID;FA;301/10071901;2022-12-30;3;GAR;10536516;WARRANTY EXTEND 2 YR-HIGH END;2;10000;00;55,00;0;0;;
AF0011;WID;FA;301/10071901;2022-12-30;4;GAR;10536516;WARRANTY EXTEND 2 YR-HIGH END;2;10000;00;55,00;0;0;;
AF0019;WID;FA;301/10071902;2022-12-30;1;PT;10536616;FREIGHT;1;00;00;13,49;13,49;13,49;;
AF0019;WID;FA;301/10071902;2022-12-30;2;GAR;10536516;WARRANTY EXTEND 2 YR-HIGH END;1;10000;00;55,00;0;0;;
AF0019;WID;FA;301/10071902;2022-12-30;3;ECO;10539532;TAX 2 ENV CONTRIBUTION;1;00;00;0,02;0,02;0,02;;
AF0019;WID;FA;301/10071902;2022-12-30;4;ECO;10539532;TAX 2 ENV CONTRIBUTION;1;10000;00;0,02;0;0;;
AF0002;WID;FA;301/10071903;2022-12-30;1;PT;10536616;FREIGHT;1;00;00;13,49;13,49;13,49;;
AF0002;WID;FA;301/10071903;2022-12-30;2;GAR;10536516;WARRANTY EXTEND 2 YR-HIGH END;2;10000;00;55,00;0;0;;
AF0002;WID;FA;301/10071904;2022-12-30;1;PT;10536616;FREIGHT;1;00;00;13,49;13,49;13,49;;
AF0002;WID;FA;301/10071904;2022-12-30;2;GAR;10536516;WARRANTY EXTEND 2 YR-HIGH END;2;10000;00;55,00;0;0;;
AF0002;WID;FA;301/10071904;2022-12-30;3;GAR;10536516;WARRANTY EXTEND 2 YR-HIGH END;2;10000;00;55,00;0;0;;
AF0019;WID;FA;301/10071905;2022-12-30;1;PT;10536616;FREIGHT;1;00;00;13,49;13,49;13,49;;
AF0019;WID;FA;301/10071905;2022-12-30;2;GAR;10536516;WARRANTY EXTEND 2 YR-HIGH END;2;10000;00;55,00;0;0;;
AF0019;WID;FA;301/10071905;2022-12-30;3;ECO;10539532;TAX 2 ENV CONTRIBUTION;2;00;00;0,02;0,04;0,04;;
AF0019;WID;FA;301/10071905;2022-12-30;4;ECO;10539532;TAX 2 ENV CONTRIBUTION;1;10000;00;0,02;0;0;;
AF0005;WID;FA;301/10071906;2022-12-30;1;PT;10536616;FREIGHT;1;00;00;13,49;13,49;13,49;;
AF0005;WID;FA;301/10071906;2022-12-30;2;GAR;10536516;WARRANTY EXTEND 2 YR-HIGH END;1;10000;00;55,00;0;0;;
AF0019;WID;FA;301/10071907;2022-12-30;1;PT;10536616;FREIGHT;1;00;00;13,49;13,49;13,49;;
AF0019;WID;FA;301/10071907;2022-12-30;2;GAR;10536516;WARRANTY EXTEND 2 YR-HIGH END;2;10000;00;55,00;0;0;;
AF0019;WID;FA;301/10071907;2022-12-30;3;ECO;10539532;TAX 2 ENV CONTRIBUTION;2;00;00;0,02;0,04;0,04;;
AF0019;WID;FA;301/10071907;2022-12-30;4;ECO;10539532;TAX 2 ENV CONTRIBUTION;1;10000;00;0,02;0;0;;
AF0002;WID;FA;301/10071909;2022-12-30;1;PT;10536616;FREIGHT;1;00;00;13,49;13,49;13,49;;
AF0002;WID;FA;301/10071909;2022-12-30;2;GAR;10536516;WARRANTY EXTEND 2 YR-HIGH END;2;10000;00;55,00;0;0;;
AF0005;WID;FA;301/10071910;2022-12-30;1;PT;10536616;FREIGHT;1;00;00;13,49;13,49;13,49;;
AF0005;WID;FA;301/10071910;2022-12-30;2;GAR;10536516;WARRANTY EXTEND 2 YR-HIGH END;2;10000;00;55,00;0;0;;
AF0017;WID;FA;301/10071911;2022-12-30;1;PT;10536616;FREIGHT;1;00;00;13,49;13,49;13,49;;
AF0017;WID;FA;301/10071911;2022-12-30;2;GAR;10536516;WARRANTY EXTEND 2 YR-HIGH END;1;10000;00;55,00;0;0;;
AF0012;WID;FA;301/10071912;2022-12-30;1;PT;10536616;FREIGHT;1;00;00;13,49;13,49;13,49;;
AF0012;WID;FA;301/10071912;2022-12-30;2;GAR;10536516;WARRANTY EXTEND 2 YR-HIGH END;2;10000;00;55,00;0;0;;
AF0002;WID;FA;301/10071913;2022-12-30;1;PT;10536616;FREIGHT;1;00;00;13,49;13,49;13,49;;
AF0002;WID;FA;301/10071913;2022-12-30;2;GAR;10536516;WARRANTY EXTEND 2 YR-HIGH END;1;10000;00;55,00;0;0;;
AF0002;WID;FA;301/10071913;2022-12-30;3;GAR;10536516;WARRANTY EXTEND 2 YR-HIGH END;2;10000;00;55,00;0;0;;
AF0002;WID;FA;301/10071914;2022-12-30;1;PT;10536616;FREIGHT;1;00;00;13,49;13,49;13,49;;
AF0002;WID;FA;301/10071914;2022-12-30;2;GAR;10536516;WARRANTY EXTEND 2 YR-HIGH END;2;10000;00;55,00;0;0;;
AF0002;WID;FA;301/10071914;2022-12-30;3;GAR;10536516;WARRANTY EXTEND 2 YR-HIGH END;2;10000;00;55,00;0;0;;
AF0005;WID;FA;301/10071915;2022-12-30;1;PT;10536616;FREIGHT;1;00;00;13,49;13,49;13,49;;
AF0005;WID;FA;301/10071915;2022-12-30;2;GAR;10536516;WARRANTY EXTEND 2 YR-HIGH END;2;10000;00;55,00;0;0;;
AF0019;WID;FA;301/10071916;2022-12-30;1;PT;10536616;FREIGHT;1;00;00;13,49;13,49;13,49;;
AF0019;WID;FA;301/10071916;2022-12-30;2;GAR;10536516;WARRANTY EXTEND 2 YR-HIGH END;2;10000;00;55,00;0;0;;
AF0019;WID;FA;301/10071916;2022-12-30;3;ECO;10539532;TAX 2 ENV CONTRIBUTION;2;00;00;0,02;0,04;0,04;;
AF0011;WID;FA;301/10071917;2022-12-30;1;PT;10536616;FREIGHT;1;00;00;13,49;13,49;13,49;;
AF0011;WID;FA;301/10071917;2022-12-30;2;GAR;10536516;WARRANTY EXTEND 2 YR-HIGH END;2;10000;00;55,00;0;0;;
AF0011;WID;FA;301/10071917;2022-12-30;3;GAR;10536516;WARRANTY EXTEND 2 YR-HIGH END;2;10000;00;55,00;0;0;;
AF0011;WID;FA;301/10071918;2022-12-30;1;PT;10536616;FREIGHT;1;00;00;13,49;13,49;13,49;;
AF0011;WID;FA;301/10071919;2022-12-30;1;PT;10536616;FREIGHT;1;00;00;13,49;13,49;13,49;;
AF0011;WID;FA;301/10071919;2022-12-30;2;GAR;10536516;WARRANTY EXTEND 2 YR-HIGH END;2;10000;00;55,00;0;0;;
AF0002;WID;FA;301/10071921;2022-12-30;1;PT;10536616;FREIGHT;1;00;00;13,49;13,49;13,49;;
AF0002;WID;FA;301/10071921;2022-12-30;2;GAR;10536516;WARRANTY EXTEND 2 YR-HIGH END;1;10000;00;55,00;0;0;;
AF0002;WID;FA;301/10071922;2022-12-30;1;PT;10536616;FREIGHT;1;00;00;13,49;13,49;13,49;;
AF0011;WID;FA;301/10071923;2022-12-30;1;PT;10536616;FREIGHT;1;00;00;13,49;13,49;13,49;;
AF0017;WID;FA;301/10071924;2022-12-30;1;PT;10536616;FREIGHT;1;00;00;13,49;13,49;13,49;;
AF0017;WID;FA;301/10071924;2022-12-30;2;GAR;10536516;WARRANTY EXTEND 2 YR-HIGH END;1;10000;00;55,00;0;0;;
AF0019;WID;FA;301/10071925;2022-12-30;1;PT;10536616;FREIGHT;1;00;00;13,49;13,49;13,49;;
AF0019;WID;FA;301/10071925;2022-12-30;2;GAR;10536516;WARRANTY EXTEND 2 YR-HIGH END;2;10000;00;55,00;0;0;;
AF0019;WID;FA;301/10071925;2022-12-30;3;ECO;10539532;TAX 2 ENV CONTRIBUTION;2;00;00;0,02;0,04;0,04;;
AF0019;WID;FA;301/10071925;2022-12-30;4;ECO;10539532;TAX 2 ENV CONTRIBUTION;1;10000;00;0,02;0;0;;
AF0011;WID;FA;301/10071926;2022-12-30;1;PT;10536616;FREIGHT;1;00;00;13,49;13,49;13,49;;
AF0005;WID;FA;301/10071928;2022-12-30;1;PT;10536616;FREIGHT;1;00;00;13,49;13,49;13,49;;
AF0005;WID;FA;301/10071928;2022-12-30;2;GAR;10536516;WARRANTY EXTEND 2 YR-HIGH END;1;10000;00;55,00;0;0;;
AF0012;WID;FA;301/10071929;2022-12-30;1;PT;10536616;FREIGHT;1;00;00;13,49;13,49;13,49;;
AF0012;WID;FA;301/10071929;2022-12-30;2;GAR;10536516;WARRANTY EXTEND 2 YR-HIGH END;2;10000;00;55,00;0;0;;
AF0012;WID;FA;301/10071930;2022-12-30;1;PT;10536616;FREIGHT;1;00;00;13,49;13,49;13,49;;
AF0012;WID;FA;301/10071930;2022-12-30;2;GAR;10536516;WARRANTY EXTEND 2 YR-HIGH END;2;10000;00;55,00;0;0;;
AF0003;WID;FA;301/10071931;2022-12-30;1;PR;21014306;HA MOMENT MRR4D 220 SLVGR;1;00;00;332,00;332;332;|1071943;
AF0003;WID;FA;301/10071931;2022-12-30;2;PD;10990735;REC V.2 RIC M 2R;1;00;00;29,90;29,9;29,9;|1821215;
AF0014;WID;FA;301/10071932;2022-12-30;1;PR;10985501;HA MOMENT MRB2D 220 SLVGR;2;00;00;332,00;664;664;|458195|466327;
AF0014;WID;FA;301/10071932;2022-12-30;2;PD;10983556;REC WIRED P RIC R 1R N.A;1;00;00;29,90;29,9;29,9;|1692942;
AF0014;WID;FA;301/10071932;2022-12-30;3;PD;10983548;REC WIRED M RIC L 1L N.A;1;00;00;29,90;29,9;29,9;|6095000;
AF0014;WID;FA;301/10071932;2022-12-30;4;PR;10985462;HA MOMENT MRR2D 220 SLVGR;2;00;00;332,00;664;664;|1081286|1081233;
AF0014;WID;FA;301/10071932;2022-12-30;5;PD;10990735;REC V.2 RIC M 2R;1;00;00;29,90;29,9;29,9;|1816514;
AF0014;WID;FA;301/10071932;2022-12-30;6;PD;10990736;REC V.2 RIC M 2L;1;00;00;29,90;29,9;29,9;|1804506;
AF0003;WID;FA;301/10071933;2022-12-30;1;PR;10995977;HA ACTS AMRR2D CO SLVGR;1;00;00;332,00;332;332;|897092;
AF0014;WID;FA;301/10071934;2022-12-30;1;PD;10983558;REC WIRED P RIC R 2R N.A;1;00;00;29,90;29,9;29,9;|1669558;
AF0011;WID;FA;301/10071935;2022-12-30;1;PR;10995960;HA ACTS AMRR2D PH SLVGR;2;00;00;491,00;982;982;|897033|897023;
AF0011;WID;FA;301/10071935;2022-12-30;2;PD;10990735;REC V.2 RIC M 2R;1;00;00;29,90;29,9;29,9;|1811328;
AF0011;WID;FA;301/10071935;2022-12-30;3;PD;10990736;REC V.2 RIC M 2L;1;00;00;29,90;29,9;29,9;|1813301;
AF0011;WID;FA;301/10071935;2022-12-30;4;AC;21006776;ACC. MRIC WPT102 W CABLE EU;1;10000;00;129,00;0;0;|2128664;
AF0011;WID;FA;301/10071935;2022-12-30;5;PR;10995979;HA ACTS AMRR2D SY SLVGR;2;00;00;412,00;824;824;|897103|897203;
AF0011;WID;FA;301/10071935;2022-12-30;6;PD;10990737;REC V.2 RIC M 3R;1;00;00;29,90;29,9;29,9;|1778327;
AF0011;WID;FA;301/10071935;2022-12-30;7;PD;10990738;REC V.2 RIC M 3L;1;00;00;29,90;29,9;29,9;|1775935;
AF0011;WID;FA;301/10071935;2022-12-30;8;AC;21006767;ACC. MRIC CHARGE WPC101 TYP C;1;00;00;105,00;105;105;|0156205;
AF0011;WID;FA;301/10071935;2022-12-30;9;PR;10995960;HA ACTS AMRR2D PH SLVGR;2;00;00;491,00;982;982;|897063|897083;
AF0011;WID;FA;301/10071935;2022-12-30;10;PD;10990735;REC V.2 RIC M 2R;1;00;00;29,90;29,9;29,9;|1810001;
AF0011;WID;FA;301/10071935;2022-12-30;11;PD;10990736;REC V.2 RIC M 2L;1;00;00;29,90;29,9;29,9;|1807942;
AF0011;WID;FA;301/10071935;2022-12-30;12;AC;21006776;ACC. MRIC WPT102 W CABLE EU;1;10000;00;129,00;0;0;|2128667;
AF0019;WID;FA;301/10071936;2022-12-30;1;PR;10995987;HA ACTS AMRR2D CO GBRN;1;00;00;332,00;332;332;|897303;
AF0019;WID;FA;301/10071936;2022-12-30;2;PD;10990736;REC V.2 RIC M 2L;1;00;00;29,90;29,9;29,9;|1755469;
AF0019;WID;FA;301/10071936;2022-12-30;3;AC;21006776;ACC. MRIC WPT102 W CABLE EU;1;10000;00;129,00;0;0;|2145950;
AF0002;WID;FA;301/10071937;2022-12-30;1;PR;10995960;HA ACTS AMRR2D PH SLVGR;2;00;00;491,00;982;982;|897124|897242;
AF0002;WID;FA;301/10071937;2022-12-30;2;PD;10990735;REC V.2 RIC M 2R;1;00;00;29,90;29,9;29,9;|1810197;
AF0002;WID;FA;301/10071937;2022-12-30;3;PD;10990736;REC V.2 RIC M 2L;1;00;00;29,90;29,9;29,9;|1820809;
AF0002;WID;FA;301/10071937;2022-12-30;4;AC;21006776;ACC. MRIC WPT102 W CABLE EU;1;10000;00;129,00;0;0;|5714879048050;
AF0002;WID;FA;301/10071938;2022-12-30;1;PR;10995983;HA ACTS AMRR2D PH TCBLK;2;00;00;491,00;982;982;|896963|896973;
AF0002;WID;FA;301/10071938;2022-12-30;2;PD;10990735;REC V.2 RIC M 2R;1;00;00;29,90;29,9;29,9;|1817494;
AF0002;WID;FA;301/10071938;2022-12-30;3;PD;10990736;REC V.2 RIC M 2L;1;00;00;29,90;29,9;29,9;|1825248;
AF0002;WID;FA;301/10071938;2022-12-30;4;AC;21006776;ACC. MRIC WPT102 W CABLE EU;1;10000;00;129,00;0;0;|2144963;
AF0002;WID;FA;301/10071938;2022-12-30;5;PR;10995956;HA ACTS AMRB2D SY TCBLK;2;00;00;412,00;824;824;|039131|039121;
AF0002;WID;FA;301/10071938;2022-12-30;6;PD;10983547;REC WIRED M RIC R 1R N.A;1;00;00;29,90;29,9;29,9;|6056558;
AF0002;WID;FA;301/10071938;2022-12-30;7;PD;10983548;REC WIRED M RIC L 1L N.A;1;00;00;29,90;29,9;29,9;|6205677;
AF0019;WID;FA;301/10071939;2022-12-30;1;PR;21007176;HA MOMENT MBR3D 110 TCBLK;2;00;00;276,00;552;552;|1028271|1028261;
AF0019;WID;FA;301/10071939;2022-12-30;2;AC;21006781;ACC. BTE WPT202 W CABLE EU;1;10000;00;139,00;0;0;|2086021;
AF0005;WID;FA;301/10071940;2022-12-30;1;PR;10972993;HA EVK E-FS-T 110 TCBLK;1;00;00;226,00;226;226;|296116;
AF0005;WID;FA;301/10071940;2022-12-30;2;AC;10971946;HA CROS-FS MBLK;1;3000;00;799,00;559,3;559,3;|105031;
AF0005;WID;FA;301/10071940;2022-12-30;3;PD;10983539;REC WIRED S RIC R 2R N.A;1;00;00;29,90;29,9;29,9;|2385706;
AF0005;WID;FA;301/10071940;2022-12-30;4;PD;10983540;REC WIRED S RIC L 2L N.A;1;00;00;29,90;29,9;29,9;|2367388;
AF0003;WID;AV;302/10007908;2022-12-01;1;PR;10972994;HA EVK E-FS-T 110 SLVGR;2;00;00;-226,00;-452;-452;|325555|325572;
AF0003;WID;AV;302/10007916;2022-12-13;1;PR;10995988;HA ACTS AMRR2D PR TCBLK;1;00;00;-276,00;-276;-276;|901283;
AF0003;WID;AV;302/10007919;2022-12-15;1;PR;10985010;HA EVK E-FM 110 SLVGR;2;6894;00;-599,00;-371,98;-371,98;|140690|140580;
AF0014;WID;AV;302/10007958;2022-12-30;1;PR;10985475;HA MOMENT MRR2D 330 SLVGR;1;00;00;-412,00;-412;-412;|1001306;
AF0014;WID;AV;302/10007959;2022-12-30;1;PR;10985475;HA MOMENT MRR2D 330 SLVGR;1;00;00;-412,00;-412;-412;|1103332;
AF0019;WID;AV;302/10007960;2022-12-30;1;PR;10972994;HA EVK E-FS-T 110 SLVGR;2;00;00;-226,00;-452;-452;|295948|294713;
AF0005;WID;AV;302/10007961;2022-12-30;1;AC;21017808;ACC. SOUND ASSIST DEVICE EU1;1;00;00;-399,00;-399;-399;|010273;
AF0011;WID;AV;302/10007963;2022-12-30;1;PR;10995978;HA ACTS AMRR2D SY TCBLK;2;00;00;-412,00;-824;-824;|899069|899049;
AF0011;WID;AV;302/10007964;2022-12-30;1;PR;21007199;HA MOMENT MBR3D 330 HNBL;2;00;00;-412,00;-824;-824;|1028270|1011018;
AF0003;WID;AV;302/10007965;2022-12-30;1;PR;10975820;HA EVK E-FA-T-VC 220 DEBLU;1;00;00;-305,00;-305;-305;|133127;
AF0003;WID;AV;302/10007966;2022-12-30;1;PR;10984909;HA EVK E-PA 110 SGLD;1;6894;00;-599,00;-185,99;-185,99;|132159;
AF0011;WID;AV;302/10007967;2022-12-30;1;PR;10985465;HA MOMENT MRR2D 220 ATBG;2;00;00;-332,00;-664;-664;|1123584|1123534;
AF0011;WID;AV;302/10007968;2022-12-30;1;PR;10995989;HA ACTS AMRR2D CO TCBLK;2;00;00;-332,00;-664;-664;|898795|898815;
AF0011;WID;AV;302/10007969;2022-12-30;1;PD;10990737;REC V.2 RIC M 3R;1;00;00;-29,90;-29,9;-29,9;|1777594;
AF0011;WID;AV;302/10007969;2022-12-30;2;PD;10990738;REC V.2 RIC M 3L;1;00;00;-29,90;-29,9;-29,9;|1786626;
018;WID;AV;302/10007970;2022-12-30;1;PR;10995979;HA ACTS AMRR2D SY SLVGR;2;00;00;-412,00;-824;-824;|897174|897294;
AF0014;WID;AV;302/10007971;2022-12-30;1;GAR;10536516;WARRANTY EXTEND 2 YR-HIGH END;1;10000;06;-55,00;0;0;;
AF0014;WID;AV;302/10007971;2022-12-30;2;ECO;10539532;TAX 2 ENV CONTRIBUTION;1;00;06;-0,02;-0,02;-0,02;;
AF0014;WID;AV;302/10007972;2022-12-30;1;GAR;10536516;WARRANTY EXTEND 2 YR-HIGH END;1;10000;06;-55,00;0;0;;
AF0014;WID;AV;302/10007972;2022-12-30;2;ECO;10539532;TAX 2 ENV CONTRIBUTION;1;00;06;-0,02;-0,02;-0,02;;
AF0303;WID;AV;302/10007973;2022-12-30;1;GAR;10536516;WARRANTY EXTEND 2 YR-HIGH END;1;10000;06;-55,00;0;0;;
AF0303;WID;AV;302/10007973;2022-12-30;2;ECO;10539532;TAX 2 ENV CONTRIBUTION;1;00;06;-0,02;-0,02;-0,02;;
AF0303;WID;AV;302/10007974;2022-12-30;1;GAR;10536516;WARRANTY EXTEND 2 YR-HIGH END;1;10000;06;-55,00;0;0;;
AF0303;WID;AV;302/10007974;2022-12-30;2;ECO;10539532;TAX 2 ENV CONTRIBUTION;1;00;06;-0,02;-0,02;-0,02;;
AF0303;WID;AV;302/10007975;2022-12-30;1;GAR;10536516;WARRANTY EXTEND 2 YR-HIGH END;1;10000;06;-55,00;0;0;;
AF0303;WID;AV;302/10007975;2022-12-30;2;ECO;10539532;TAX 2 ENV CONTRIBUTION;1;00;06;-0,02;-0,02;-0,02;;
AF0303;WID;AV;302/10007976;2022-12-30;1;GAR;10536516;WARRANTY EXTEND 2 YR-HIGH END;1;10000;06;-55,00;0;0;;
AF0303;WID;AV;302/10007976;2022-12-30;2;ECO;10539532;TAX 2 ENV CONTRIBUTION;1;00;06;-0,02;-0,02;-0,02;;
AF0303;WID;AV;302/10007977;2022-12-30;1;PR;21002786;HA MOM MBB3D 440 SLVGR;1;00;06;-491,00;-491;-518,01;|1106616;
AF0303;WID;AV;302/10007978;2022-12-30;1;PR;21002745;HA MOM MBB3D 110 SLVGR;1;00;06;-226,00;-226;-238,43;|1107774;
AF0303;WID;AV;302/10007979;2022-12-30;1;PR;21002786;HA MOM MBB3D 440 SLVGR;1;00;06;-491,00;-491;-518,01;|1106558;
AF0303;WID;AV;302/10007980;2022-12-30;1;PR;21002745;HA MOM MBB3D 110 SLVGR;1;00;06;-226,00;-226;-238,43;|1018496;
AF0019;WID;AV;302/10007981;2022-12-30;1;GAR;10536516;WARRANTY EXTEND 2 YR-HIGH END;2;10000;00;-55,00;0;0;;
AF0019;WID;AV;302/10007981;2022-12-30;2;ECO;10539532;TAX 2 ENV CONTRIBUTION;2;00;00;-0,02;-0,04;-0,04;;
AF0019;WID;FA;307/10024805;2022-12-30;1;REPA;10984735;Forfait Rparation;1;1000;00;149,00;134,1;134,1;|024425|1244870;
AF0019;WID;FA;307/10024805;2022-12-30;2;PT;10984735;Transport;1;00;00;13,49;13,49;13,49;|028462|1244950;
AF0019;WID;FA;307/10024805;2022-12-30;3;REPA;10984735;Forfait Rparation;1;1000;00;149,00;134,1;134,1;|028462|1244950;
AF0011;WID;FA;307/10024822;2022-12-30;1;PT;10972201;Transport;1;00;00;13,49;13,49;13,49;|016788|014310;
AF0011;WID;FA;307/10024822;2022-12-30;2;REPA;10972201;Forfait Rparation;1;1000;00;149,00;134,1;134,1;|016788|014310;
AF0011;WID;FA;307/10024822;2022-12-30;3;REPA;10972201;Forfait Rparation;1;1000;00;149,00;134,1;134,1;|016415|014320;
