UNIS001;WID;FA;301/10072546;2022-12-30;1;PD;10990737;REC V.2 RIC M 3R;1;00;06;29,90;29,9;31,54;|1802986;
UNIS001;WID;FA;301/10072546;2022-12-30;2;PT;10536616;FREIGHT;1;00;20;13,49;13,49;16,19;;
UNIS001;WID;FA;301/10072546;2022-12-30;3;PR;ITE-10990487-R;MOMNT M-CIC 330 CIC;1;00;06;385,00;385;406,18;|348358;
UNIS001;WID;FA;301/10072546;2022-12-30;4;GAR;10536516;WARRANTY EXTEND 2 YR-HIGH END;1;10000;06;55,00;0;0;;
UNIS001;WID;FA;301/10072546;2022-12-30;5;ECO;10539532;TAX 2 ENV CONTRIBUTION;1;00;06;0,02;0,02;0,02;;
UNIS001;WID;FA;301/10072546;2022-12-30;6;AUT;10240037;FEE SHELL FOR ITE;1;00;06;50,00;50;52,75;;
UNIS001;WID;FA;301/10072546;2022-12-30;7;PT;10536616;FREIGHT;1;00;20;13,49;13,49;16,19;;
UNIS001;WID;FA;301/10072546;2022-12-30;8;PR;ITE-10990488-L;MOMNT M-CIC 440 CIC;1;00;06;465,00;465;490,58;|341280;
UNIS001;WID;FA;301/10072546;2022-12-30;9;GAR;10536516;WARRANTY EXTEND 2 YR-HIGH END;1;10000;06;55,00;0;0;;
UNIS001;WID;FA;301/10072546;2022-12-30;10;ECO;10539532;TAX 2 ENV CONTRIBUTION;1;00;06;0,02;0,02;0,02;;
UNIS001;WID;FA;301/10072546;2022-12-30;11;AUT;10240037;FEE SHELL FOR ITE;1;00;06;50,00;50;52,75;;
UNIS001;WID;FA;301/10072546;2022-12-30;12;PT;10536616;FREIGHT;1;10000;20;13,49;0;0;;
UNIS001;WID;FA;301/10072546;2022-12-30;13;PR;10978327;BTY DRAWER LIGHT BEIGE LTBG3;1;10000;06;5,34;0;0;;
UNIS001;WID;FA;301/10072546;2022-12-30;14;PT;10536616;FREIGHT;1;00;20;13,49;13,49;16,19;;
UNIS001;WID;FA;301/10072546;2022-12-30;15;PR;21014305;HA MOMENT MRR4D 330 SLVGR;2;00;06;412,00;824;869,32;|1104233|1104263;
UNIS001;WID;FA;301/10072546;2022-12-30;16;GAR;10536516;WARRANTY EXTEND 2 YR-HIGH END;2;10000;06;55,00;0;0;;
UNIS001;WID;FA;301/10072546;2022-12-30;17;ECO;10539532;TAX 2 ENV CONTRIBUTION;2;00;06;0,02;0,04;0,04;;
UNIS001;WID;FA;301/10072546;2022-12-30;18;PD;10990737;REC V.2 RIC M 3R;1;00;06;29,90;29,9;31,54;|1782472;
UNIS001;WID;FA;301/10072546;2022-12-30;19;PD;10990738;REC V.2 RIC M 3L;1;00;06;29,90;29,9;31,54;|1703585;
UNIS001;WID;FA;301/10072546;2022-12-30;20;AC;21015731;ACC. SRIC WPT103 TYP C, EU LP2;1;10000;06;129,00;0;0;|0108807;
UNIS001;WID;FA;301/10072546;2022-12-30;21;PD;21008573;INSTANT OPEN ROUND EARTIP S WI;1;10000;06;10,00;0;0;;
UNIS001;WID;FA;301/10072546;2022-12-30;22;PD;21008574;INSTANT OPEN ROUND EARTIP M WI;1;10000;06;10,00;0;0;;
UNIS001;WID;FA;301/10072546;2022-12-30;23;PD;21008575;INSTANT OPEN ROUND EARTIP L WI;1;10000;06;10,00;0;0;;
UNIS001;WID;FA;301/10072546;2022-12-30;24;PT;10536616;FREIGHT;1;00;20;13,49;13,49;16,19;;
UNIS001;WID;FA;301/10072546;2022-12-30;25;PR;10985526;HA MOMENT MRB2D 440 TCBLK;2;00;06;491,00;982;1036,01;|475171|475178;
UNIS001;WID;FA;301/10072546;2022-12-30;26;GAR;10536516;WARRANTY EXTEND 2 YR-HIGH END;2;10000;06;55,00;0;0;;
UNIS001;WID;FA;301/10072546;2022-12-30;27;ECO;10539532;TAX 2 ENV CONTRIBUTION;2;00;06;0,02;0,04;0,04;;
UNIS001;WID;FA;301/10072546;2022-12-30;28;PR;10985527;HA MOMENT MRB2D 440 SLVGR;2;00;06;491,00;982;1036,01;|457627|475205;
UNIS001;WID;FA;301/10072546;2022-12-30;29;GAR;10536516;WARRANTY EXTEND 2 YR-HIGH END;2;10000;06;55,00;0;0;;
UNIS001;WID;FA;301/10072546;2022-12-30;30;ECO;10539532;TAX 2 ENV CONTRIBUTION;2;00;06;0,02;0,04;0,04;;
UNIS001;WID;FA;301/10072546;2022-12-30;31;PT;10536616;FREIGHT;1;00;20;13,49;13,49;16,19;;
UNIS001;WID;FA;301/10072546;2022-12-30;32;PR;21002789;HA MOM MBB3D 440 ATBG;2;00;06;491,00;982;1036,01;|1092381|1092392;
UNIS001;WID;FA;301/10072546;2022-12-30;33;GAR;10536516;WARRANTY EXTEND 2 YR-HIGH END;2;10000;06;55,00;0;0;;
UNIS001;WID;FA;301/10072546;2022-12-30;34;ECO;10539532;TAX 2 ENV CONTRIBUTION;2;00;06;0,02;0,04;0,04;;
UNIS001;WID;FA;301/10072546;2022-12-30;35;PT;10536616;FREIGHT;1;00;20;13,49;13,49;16,19;;
UNIS001;WID;FA;301/10072546;2022-12-30;36;PR;21014257;HA MOMENT MRR4D 440 CCRN;2;00;06;491,00;982;1036,01;|1076954|1076837;
UNIS001;WID;FA;301/10072546;2022-12-30;37;GAR;10536516;WARRANTY EXTEND 2 YR-HIGH END;2;10000;06;55,00;0;0;;
UNIS001;WID;FA;301/10072546;2022-12-30;38;ECO;10539532;TAX 2 ENV CONTRIBUTION;2;00;06;0,02;0,04;0,04;;
UNIS001;WID;FA;301/10072546;2022-12-30;39;PR;21002150;HA MOM MBB2 440 TCBLK;2;00;06;465,00;930;981,15;|050822|050832;
UNIS001;WID;FA;301/10072546;2022-12-30;40;GAR;10536516;WARRANTY EXTEND 2 YR-HIGH END;2;10000;06;55,00;0;0;;
UNIS001;WID;FA;301/10072546;2022-12-30;41;ECO;10539532;TAX 2 ENV CONTRIBUTION;2;00;06;0,02;0,04;0,04;;
UNIS001;WID;FA;301/10072546;2022-12-30;42;AC;21015731;ACC. SRIC WPT103 TYP C, EU LP2;1;10000;06;129,00;0;0;|0130051;
UNIS001;WID;FA;301/10072546;2022-12-30;43;AC;21006767;ACC. MRIC CHARGE WPC101 TYP C;1;00;06;105,00;105;110,78;|0149472;
UNIS001;WID;FA;301/10072546;2022-12-30;44;ECO;10539532;TAX 2 ENV CONTRIBUTION;1;10000;06;0,02;0;0;;
UNIS001;WID;FA;301/10072546;2022-12-30;45;PT;10536616;FREIGHT;1;00;20;13,49;13,49;16,19;;
UNIS001;WID;FA;301/10072546;2022-12-30;46;PR;21014304;HA MOMENT MRR4D 440 SLVGR;2;00;06;491,00;982;1036,01;|1104822|1104902;
UNIS001;WID;FA;301/10072546;2022-12-30;47;GAR;10536516;WARRANTY EXTEND 2 YR-HIGH END;2;10000;06;55,00;0;0;;
UNIS001;WID;FA;301/10072546;2022-12-30;48;ECO;10539532;TAX 2 ENV CONTRIBUTION;2;00;06;0,02;0,04;0,04;;
UNIS001;WID;FA;301/10072546;2022-12-30;49;PR;21014271;HA MOMENT MRR4D 440 GBRN;2;00;06;491,00;982;1036,01;|1101843|1101823;
UNIS001;WID;FA;301/10072546;2022-12-30;50;GAR;10536516;WARRANTY EXTEND 2 YR-HIGH END;2;10000;06;55,00;0;0;;
UNIS001;WID;FA;301/10072546;2022-12-30;51;ECO;10539532;TAX 2 ENV CONTRIBUTION;2;00;06;0,02;0,04;0,04;;
UNIS001;WID;FA;301/10072546;2022-12-30;52;AC;21015731;ACC. SRIC WPT103 TYP C, EU LP2;2;10000;06;129,00;0;0;|0129849|0129868;
UNIS001;WID;FA;301/10072546;2022-12-30;53;PT;10536616;FREIGHT;1;00;20;13,49;13,49;16,19;;
UNIS001;WID;FA;301/10072546;2022-12-30;54;PR;10973295;HA EJY E-F2 220 CABRN;2;00;06;160,00;320;337,6;|1005887|1005927;
UNIS001;WID;FA;301/10072546;2022-12-30;55;GAR;10536516;WARRANTY EXTEND 2 YR-HIGH END;2;10000;06;55,00;0;0;;
UNIS001;WID;FA;301/10072546;2022-12-30;56;ECO;10539532;TAX 2 ENV CONTRIBUTION;2;00;06;0,02;0,04;0,04;;
UNIS001;WID;FA;301/10072546;2022-12-30;57;PD;21008584;SLEEVE VENTED XS WIDEX;6;10000;06;10,00;0;0;;
UNIS001;WID;FA;301/10072546;2022-12-30;58;PD;21008586;SLEEVE VENTED M WIDEX;6;10000;06;10,00;0;0;;
UNIS001;WID;FA;301/10072546;2022-12-30;59;PD;21008588;SLEEVE POWER XS WIDEX;6;10000;06;10,00;0;0;;
UNIS001;WID;FA;301/10072546;2022-12-30;60;PD;21008589;SLEEVE POWER S WIDEX;6;10000;06;10,00;0;0;;
UNIS001;WID;FA;301/10072546;2022-12-30;61;PD;21008590;SLEEVE POWER M WIDEX;6;10000;06;10,00;0;0;;
UNIS001;WID;FA;301/10072546;2022-12-30;62;PD;10983702;PKG INSTANT OPEN EARTIP XS 10;6;10000;06;10,00;0;0;;
UNIS001;WID;FA;301/10072546;2022-12-30;63;PD;10983703;PKG INSTANT OPEN EARTIP S 10;6;10000;06;10,00;0;0;;
UNIS001;WID;FA;301/10072546;2022-12-30;64;PD;10983705;PKG INSTANT TULIP EARTIP M 10;8;10000;06;10,00;0;0;;
UNIS001;WID;FA;301/10072546;2022-12-30;65;PD;10983706;PKG INSTANT TULIP EARTIP L 10;8;10000;06;10,00;0;0;;
UNIS001;WID;FA;301/10072546;2022-12-30;66;PD;10983707;PKG DOUBLE EARTIP XS 10;6;10000;06;10,00;0;0;;
UNIS001;WID;FA;301/10072546;2022-12-30;67;PD;10983708;PKG DOUBLE EARTIP S 10;1;10000;06;10,00;0;0;;
UNIS001;WID;FA;301/10072546;2022-12-30;68;PD;10983709;PKG DOUBLE EARTIP M 10;5;10000;06;10,00;0;0;;
UNIS001;WID;FA;301/10072546;2022-12-30;69;PD;10983710;PKG DOUBLE EARTIP L 10;6;10000;06;10,00;0;0;;
UNIS001;WID;FA;301/10072546;2022-12-30;70;PR;21014304;HA MOMENT MRR4D 440 SLVGR;2;00;06;491,00;982;1036,01;|1104854|1104864;
UNIS001;WID;FA;301/10072546;2022-12-30;71;GAR;10536516;WARRANTY EXTEND 2 YR-HIGH END;2;10000;06;55,00;0;0;;
UNIS001;WID;FA;301/10072546;2022-12-30;72;ECO;10539532;TAX 2 ENV CONTRIBUTION;2;00;06;0,02;0,04;0,04;;
UNIS001;WID;FA;301/10072546;2022-12-30;73;AUT;10978857;WAXGUARD SET NANOCARE;50;2500;06;3,88;145,5;153,5;;
UNIS001;WID;FA;301/10072546;2022-12-30;74;PT;10536616;FREIGHT;1;00;20;13,49;13,49;16,19;;
UNIS001;WID;FA;301/10072546;2022-12-30;75;PR;21014304;HA MOMENT MRR4D 440 SLVGR;2;00;06;491,00;982;1036,01;|1081223|1104927;
UNIS001;WID;FA;301/10072546;2022-12-30;76;GAR;10536516;WARRANTY EXTEND 2 YR-HIGH END;2;10000;06;55,00;0;0;;
UNIS001;WID;FA;301/10072546;2022-12-30;77;ECO;10539532;TAX 2 ENV CONTRIBUTION;2;00;06;0,02;0,04;0,04;;
UNIS001;WID;FA;301/10072546;2022-12-30;78;PR;21014271;HA MOMENT MRR4D 440 GBRN;2;00;06;491,00;982;1036,01;|1058199|1058128;
UNIS001;WID;FA;301/10072546;2022-12-30;79;GAR;10536516;WARRANTY EXTEND 2 YR-HIGH END;2;10000;06;55,00;0;0;;
UNIS001;WID;FA;301/10072546;2022-12-30;80;ECO;10539532;TAX 2 ENV CONTRIBUTION;2;00;06;0,02;0,04;0,04;;
UNIS001;WID;FA;301/10072546;2022-12-30;81;AC;21015731;ACC. SRIC WPT103 TYP C, EU LP2;2;10000;06;129,00;0;0;|0130151|0130174;
UNIS001;WID;FA;301/10072546;2022-12-30;82;PT;10536616;FREIGHT;1;00;20;13,49;13,49;16,19;;
UNIS001;WID;FA;301/10072546;2022-12-30;83;PR;ITE-21003401-L;MO M-CIC-M 440  CIC;1;00;06;465,00;465;490,58;|352366;
UNIS001;WID;FA;301/10072546;2022-12-30;84;GAR;10536516;WARRANTY EXTEND 2 YR-HIGH END;1;10000;06;55,00;0;0;;
UNIS001;WID;FA;301/10072546;2022-12-30;85;ECO;10539532;TAX 2 ENV CONTRIBUTION;1;00;06;0,02;0,02;0,02;;
UNIS001;WID;FA;301/10072546;2022-12-30;86;AUT;10240037;FEE SHELL FOR ITE;1;00;06;50,00;50;52,75;;
UNIS001;WID;FA;301/10072546;2022-12-30;87;PR;ITE-21003401-R;MO M-CIC-M 440  CIC;1;00;06;465,00;465;490,58;|352367;
UNIS001;WID;FA;301/10072546;2022-12-30;88;GAR;10536516;WARRANTY EXTEND 2 YR-HIGH END;1;10000;06;55,00;0;0;;
UNIS001;WID;FA;301/10072546;2022-12-30;89;ECO;10539532;TAX 2 ENV CONTRIBUTION;1;00;06;0,02;0,02;0,02;;
UNIS001;WID;FA;301/10072546;2022-12-30;90;AUT;10240037;FEE SHELL FOR ITE;1;00;06;50,00;50;52,75;;
UNIS001;WID;FA;301/10072546;2022-12-30;91;PT;10536616;FREIGHT;1;00;20;13,49;13,49;16,19;;
UNIS001;WID;FA;301/10072546;2022-12-30;92;PR;10973302;HA EJY E-F2 220 SLVGR;4;00;06;160,00;640;675,2;|1009679|1011924|1012032|1011960;
UNIS001;WID;FA;301/10072546;2022-12-30;93;GAR;10536516;WARRANTY EXTEND 2 YR-HIGH END;4;10000;06;55,00;0;0;;
UNIS001;WID;FA;301/10072546;2022-12-30;94;ECO;10539532;TAX 2 ENV CONTRIBUTION;4;00;06;0,02;0,08;0,08;;
UNIS001;WID;FA;301/10072546;2022-12-30;95;AC;21017808;ACC. SOUND ASSIST DEVICE EU1;2;00;06;399,00;798;841,89;|013694|014363;
UNIS001;WID;FA;301/10072546;2022-12-30;96;PD;10990732;REC V.2 RIC M 0L;6;00;06;29,90;179,4;189,27;|1575416|1473871|1477483|1754846|1578854|1575712;
UNIS001;WID;FA;301/10072546;2022-12-30;97;PD;10990750;REC V.2 RIC M 0R;6;00;06;29,90;179,4;189,27;|1769307|1769309|1727025|1727022|1725143|1725141;
UNIS001;WID;FA;301/10072546;2022-12-30;98;PD;10990734;REC V.2 RIC M 1L;6;00;06;29,90;179,4;189,27;|1599997|1475349|1594459|1659202|1489477|1660121;
UNIS001;WID;FA;301/10072546;2022-12-30;99;PD;10990733;REC V.2 RIC M 1R;6;00;06;29,90;179,4;189,27;|1779950|1551621|1713905|1710165|1699930|1773553;
UNIS001;WID;FA;301/10072546;2022-12-30;100;PD;10990736;REC V.2 RIC M 2L;6;00;06;29,90;179,4;189,27;|1803149|1808988|1807944|1814209|1808629|1802664;
UNIS001;WID;FA;301/10072546;2022-12-30;101;PD;10990735;REC V.2 RIC M 2R;6;00;06;29,90;179,4;189,27;|1748489|1801697|1799244|1727611|1643112|1748097;
UNIS001;WID;FA;301/10072546;2022-12-30;102;PD;10990738;REC V.2 RIC M 3L;6;00;06;29,90;179,4;189,27;|1777086|1776411|1777031|1776632|1777088|1777089;
UNIS001;WID;FA;301/10072546;2022-12-30;103;PD;10990737;REC V.2 RIC M 3R;6;00;06;29,90;179,4;189,27;|1779594|1779593|1777471|1779600|1774048|1792867;
UNIS001;WID;FA;301/10072546;2022-12-30;104;PD;10990741;REC V.2 RIC P 0L;6;00;06;29,90;179,4;189,27;|1647487|1608972|1628776|1608973|1607555|1647484;
UNIS001;WID;FA;301/10072546;2022-12-30;105;PD;10990751;REC V.2 RIC P 0R;6;00;06;29,90;179,4;189,27;|1676386|1676391|1671300|1671298|1671299|1676381;
UNIS001;WID;FA;301/10072546;2022-12-30;106;PD;10990743;REC V.2 RIC P 1L;6;00;06;29,90;179,4;189,27;|1772053|1772052|1772055|1710051|1796525|1796528;
UNIS001;WID;FA;301/10072546;2022-12-30;107;PD;10990742;REC V.2 RIC P 1R;6;00;06;29,90;179,4;189,27;|1765079|1789725|1709790|1750793|1749125|1630968;
UNIS001;WID;FA;301/10072546;2022-12-30;108;PD;10990745;REC V.2 RIC P 2L;6;00;06;29,90;179,4;189,27;|1766669|1729925|1795252|1795250|1730035|1795358;
UNIS001;WID;FA;301/10072546;2022-12-30;109;PD;10990744;REC V.2 RIC P 2R;6;00;06;29,90;179,4;189,27;|1775135|1758354|1739033|1775120|1775112|1775102;
UNIS001;WID;FA;301/10072546;2022-12-30;110;PD;10990747;REC V.2 RIC P 3L;6;00;06;29,90;179,4;189,27;|1795199|1758015|1749988|1796268|1733508|1732432;
UNIS001;WID;FA;301/10072546;2022-12-30;111;PD;10990746;REC V.2 RIC P 3R;6;00;06;29,90;179,4;189,27;|1781310|1605112|1781302|1781304|1781216|1781485;
UNIS001;WID;FA;301/10072546;2022-12-30;112;PD;10983547;REC WIRED M RIC R 1R N.A;6;00;06;29,90;179,4;189,27;|6056461|6056466|6064795|6064606|6064857|6064963;
UNIS001;WID;FA;301/10072546;2022-12-30;113;PD;10983548;REC WIRED M RIC L 1L N.A;6;00;06;29,90;179,4;189,27;|5849480|5956415|5751702|6067584|5956488|5583807;
UNIS001;WID;FA;301/10072546;2022-12-30;114;PD;10977927;REC WIRED M RIC R 2R N.A;6;00;06;29,90;179,4;189,27;|6043468|6043152|6078698|6078923|6042836|6078495;
UNIS001;WID;FA;301/10072546;2022-12-30;115;PD;10983550;REC WIRED M RIC R 3R N.A;6;00;06;29,90;179,4;189,27;|6160977|6196459|6196395|6114590|6114411|6137923;
UNIS001;WID;FA;301/10072546;2022-12-30;116;PD;10983551;REC WIRED M RIC L 3L N.A;6;00;06;29,90;179,4;189,27;|6178899|6139410|6222788|6222536|6222916|6140122;
UNIS001;WID;FA;301/10072546;2022-12-30;117;PD;10983549;REC WIRED M RIC L 2L N.A;6;00;06;29,90;179,4;189,27;|6251156|6268695|6262137|6269652|6169295|6260417;
UNIS001;WID;FA;301/10072546;2022-12-30;118;PD;10983554;REC WIRED P RIC R 0R N.A;6;00;06;29,90;179,4;189,27;|1481123|1480123|1480619|1481424|1479632|1480402;
UNIS001;WID;FA;301/10072546;2022-12-30;119;PD;10983555;REC WIRED P RIC L 0L N.A;6;00;06;29,90;179,4;189,27;|1110743|1475711|1476714|1475641|0557078|1131452;
UNIS001;WID;FA;301/10072546;2022-12-30;120;PD;10983556;REC WIRED P RIC R 1R N.A;6;00;06;29,90;179,4;189,27;|1692959|1621397|1694140|1694146|1693195|1620799;
UNIS001;WID;FA;301/10072546;2022-12-30;121;PD;10983557;REC WIRED P RIC L 1L N.A;6;00;06;29,90;179,4;189,27;|1623429|1687410|1622703|1687417|1687862|1687392;
UNIS001;WID;FA;301/10072546;2022-12-30;122;PD;10983558;REC WIRED P RIC R 2R N.A;6;00;06;29,90;179,4;189,27;|1671481|1671469|1669523|1674042|1653034|1669335;
UNIS001;WID;FA;301/10072546;2022-12-30;123;PD;10983559;REC WIRED P RIC L 2L N.A;6;00;06;29,90;179,4;189,27;|1664963|1661644|1660741|1660294|1653982|1660555;
UNIS001;WID;FA;301/10072546;2022-12-30;124;PD;10983560;REC WIRED P RIC R 3R N.A;6;00;06;29,90;179,4;189,27;|1619267|1676909|1685705|1677272|1589317|1685765;
UNIS001;WID;FA;301/10072546;2022-12-30;125;PD;21008573;INSTANT OPEN ROUND EARTIP S WI;2;10000;06;10,00;0;0;;
UNIS001;WID;FA;301/10072546;2022-12-30;126;PD;21008574;INSTANT OPEN ROUND EARTIP M WI;2;10000;06;10,00;0;0;;
UNIS002;WID;FA;301/10072547;2022-12-30;1;PT;10536616;FREIGHT;1;10000;20;13,49;0;0;;
UNIS002;WID;FA;301/10072547;2022-12-30;2;PR;21002786;HA MOM MBB3D 440 SLVGR;2;00;06;491,00;982;1036,01;|1095695|1095706;
UNIS002;WID;FA;301/10072547;2022-12-30;3;GAR;10536516;WARRANTY EXTEND 2 YR-HIGH END;2;10000;06;55,00;0;0;;
UNIS002;WID;FA;301/10072547;2022-12-30;4;ECO;10539532;TAX 2 ENV CONTRIBUTION;2;00;06;0,02;0,04;0,04;;
UNIS002;WID;FA;301/10072547;2022-12-30;5;PD;21002957;HSG TOP NANO DCHY;2;10000;06;11,95;0;0;;
UNIS002;WID;FA;301/10072547;2022-12-30;6;PD;21003215;HSG BTM NANO CHY;2;10000;06;11,00;0;0;;
UNIS002;WID;FA;301/10072547;2022-12-30;7;PD;21002873;BTY DRAWER NANO CHY;2;10000;06;11,00;0;0;;
UNIS002;WID;FA;301/10072547;2022-12-30;8;PD;21002964;PB PROGRAM BUTTON NANO CHY;2;10000;06;11,00;0;0;;
UNIS002;WID;FA;301/10072547;2022-12-30;9;PD;21002810;PB VOL BTN NANO CHY;2;10000;06;4,05;0;0;;
UNIS002;WID;FA;301/10072547;2022-12-30;10;PT;10536616;FREIGHT;1;00;20;13,49;13,49;16,19;;
UNIS002;WID;FA;301/10072547;2022-12-30;11;PR;10973303;HA EJY E-F2 220 TMGR;2;00;06;160,00;320;337,6;|1025028|1024948;
UNIS002;WID;FA;301/10072547;2022-12-30;12;GAR;10536516;WARRANTY EXTEND 2 YR-HIGH END;2;10000;06;55,00;0;0;;
UNIS002;WID;FA;301/10072547;2022-12-30;13;ECO;10539532;TAX 2 ENV CONTRIBUTION;2;00;06;0,02;0,04;0,04;;
UNIS002;WID;FA;301/10072547;2022-12-30;14;PR;10973302;HA EJY E-F2 220 SLVGR;2;00;06;160,00;320;337,6;|1011030|1009776;
UNIS002;WID;FA;301/10072547;2022-12-30;15;GAR;10536516;WARRANTY EXTEND 2 YR-HIGH END;2;10000;06;55,00;0;0;;
UNIS002;WID;FA;301/10072547;2022-12-30;16;ECO;10539532;TAX 2 ENV CONTRIBUTION;2;00;06;0,02;0,04;0,04;;
UNIS002;WID;FA;301/10072547;2022-12-30;17;PD;10983705;PKG INSTANT TULIP EARTIP M 10;2;10000;06;10,00;0;0;;
UNIS002;WID;FA;301/10072547;2022-12-30;18;PD;10983706;PKG INSTANT TULIP EARTIP L 10;1;10000;06;10,00;0;0;;
UNIS002;WID;FA;301/10072547;2022-12-30;19;PD;10990736;REC V.2 RIC M 2L;2;00;06;29,90;59,8;63,09;|1809810|1802332;
UNIS002;WID;FA;301/10072547;2022-12-30;20;PT;10536616;FREIGHT;1;00;20;13,49;13,49;16,19;;
UNIS002;WID;FA;301/10072547;2022-12-30;21;PR;10985448;HA MOMENT MRB0 440 TCBLK;2;00;06;465,00;930;981,15;|154539|154712;
UNIS002;WID;FA;301/10072547;2022-12-30;22;GAR;10536516;WARRANTY EXTEND 2 YR-HIGH END;2;10000;06;55,00;0;0;;
UNIS002;WID;FA;301/10072547;2022-12-30;23;ECO;10539532;TAX 2 ENV CONTRIBUTION;2;00;06;0,02;0,04;0,04;;
UNIS002;WID;FA;301/10072547;2022-12-30;24;PR;10985448;HA MOMENT MRB0 440 TCBLK;1;00;06;465,00;465;490,58;|154409;
UNIS002;WID;FA;301/10072547;2022-12-30;25;GAR;10536516;WARRANTY EXTEND 2 YR-HIGH END;1;10000;06;55,00;0;0;;
UNIS002;WID;FA;301/10072547;2022-12-30;26;ECO;10539532;TAX 2 ENV CONTRIBUTION;1;00;06;0,02;0,02;0,02;;
UNIS002;WID;FA;301/10072547;2022-12-30;27;PD;10977927;REC WIRED M RIC R 2R N.A;2;00;06;29,90;59,8;63,09;|6086160|6028003;
UNIS002;WID;FA;301/10072547;2022-12-30;28;PD;10983549;REC WIRED M RIC L 2L N.A;2;00;06;29,90;59,8;63,09;|5968395|6251187;
UNIS002;WID;FA;301/10072547;2022-12-30;29;PD;10983705;PKG INSTANT TULIP EARTIP M 10;2;10000;06;10,00;0;0;;
UNIS002;WID;FA;301/10072547;2022-12-30;30;AUT;10978857;WAXGUARD SET NANOCARE;10;2500;06;3,88;29,1;30,7;;
UNIS002;WID;FA;301/10072547;2022-12-30;31;AC;10984211;ACC. POWER ADAPTER EU;6;10000;20;15,00;0;0;;
UNIS002;WID;FA;301/10072547;2022-12-30;32;PD;21014338;HSG TOP RR4D NANO CCRN;2;10000;06;11,00;0;0;;
UNIS002;WID;FA;301/10072547;2022-12-30;33;PD;21016113;HSG BTM RR4D PAD NANO CCRN;2;10000;06;11,00;0;0;;
UNIS002;WID;FA;301/10072547;2022-12-30;34;PD;10983322;GASKET AUD PROG KEY NANO CRN;2;10000;06;4,05;0;0;;
UNIS002;WID;FA;301/10072547;2022-12-30;35;PT;10536616;FREIGHT;1;00;20;13,49;13,49;16,19;;
UNIS002;WID;FA;301/10072547;2022-12-30;36;PR;10973295;HA EJY E-F2 220 CABRN;2;00;06;160,00;320;337,6;|1005704|1005744;
UNIS002;WID;FA;301/10072547;2022-12-30;37;GAR;10536516;WARRANTY EXTEND 2 YR-HIGH END;2;10000;06;55,00;0;0;;
UNIS002;WID;FA;301/10072547;2022-12-30;38;ECO;10539532;TAX 2 ENV CONTRIBUTION;2;00;06;0,02;0,04;0,04;;
UNIS002;WID;FA;301/10072547;2022-12-30;39;PD;10983702;PKG INSTANT OPEN EARTIP XS 10;3;10000;06;10,00;0;0;;
UNIS002;WID;FA;301/10072547;2022-12-30;40;PD;10983705;PKG INSTANT TULIP EARTIP M 10;1;10000;06;10,00;0;0;;
UNIS002;WID;FA;301/10072547;2022-12-30;41;AUT;10978857;WAXGUARD SET NANOCARE;10;2500;06;3,88;29,1;30,7;;
UNIS002;WID;FA;301/10072547;2022-12-30;42;PD;10990736;REC V.2 RIC M 2L;1;00;06;29,90;29,9;31,54;|1813317;
UNIS002;WID;FA;301/10072547;2022-12-30;43;PD;10990735;REC V.2 RIC M 2R;1;00;06;29,90;29,9;31,54;|1810203;
UNIS002;WID;FA;301/10072547;2022-12-30;44;PT;10536616;FREIGHT;1;00;20;13,49;13,49;16,19;;
UNIS002;WID;FA;301/10072547;2022-12-30;45;PD;10983704;PKG INSTANT OPEN EARTIP L 10;2;10000;06;10,00;0;0;;
UNIS002;WID;FA;301/10072547;2022-12-30;46;PD;10983706;PKG INSTANT TULIP EARTIP L 10;2;10000;06;10,00;0;0;;
UNIS002;WID;FA;301/10072547;2022-12-30;47;PD;10983705;PKG INSTANT TULIP EARTIP M 10;2;10000;06;10,00;0;0;;
UNIS002;WID;FA;301/10072547;2022-12-30;48;PD;10983539;REC WIRED S RIC R 2R N.A;1;00;06;29,90;29,9;31,54;|2376358;
UNIS002;WID;FA;301/10072547;2022-12-30;49;PD;10990736;REC V.2 RIC M 2L;2;00;06;29,90;59,8;63,09;|1811492|1808958;
UNIS002;WID;FA;301/10072547;2022-12-30;50;PD;10990735;REC V.2 RIC M 2R;2;00;06;29,90;59,8;63,09;|1815948|1818454;
UNIS002;WID;FA;301/10072547;2022-12-30;51;AUT;10978857;WAXGUARD SET NANOCARE;10;2500;06;3,88;29,1;30,7;;
UNIS002;WID;FA;301/10072547;2022-12-30;52;PR;21014304;HA MOMENT MRR4D 440 SLVGR;2;00;06;491,00;982;1036,01;|1059913|1059662;
UNIS002;WID;FA;301/10072547;2022-12-30;53;GAR;10536516;WARRANTY EXTEND 2 YR-HIGH END;2;10000;06;55,00;0;0;;
UNIS002;WID;FA;301/10072547;2022-12-30;54;ECO;10539532;TAX 2 ENV CONTRIBUTION;2;00;06;0,02;0,04;0,04;;
UNIS002;WID;FA;301/10072547;2022-12-30;55;AC;21015731;ACC. SRIC WPT103 TYP C, EU LP2;1;10000;06;129,00;0;0;|0102346;
UNIS003;WID;FA;301/10072548;2022-12-30;1;PT;10536616;FREIGHT;1;00;20;13,49;13,49;16,19;;
UNIS003;WID;FA;301/10072548;2022-12-30;2;AC;21015731;ACC. SRIC WPT103 TYP C, EU LP2;6;10000;06;129,00;0;0;|0130216|0130252|0130246|0130245|0130198|0130213;
UNIS003;WID;FA;301/10072548;2022-12-30;3;AC;21006767;ACC. MRIC CHARGE WPC101 TYP C;4;00;06;105,00;420;443,1;|0155017|0155023|0155037|0155035;
UNIS003;WID;FA;301/10072548;2022-12-30;4;ECO;10539532;TAX 2 ENV CONTRIBUTION;4;10000;06;0,02;0;0;;
UNIS003;WID;FA;301/10072548;2022-12-30;5;PD;10982990;HSG TOP RB2D NANO TCBLK;2;10000;06;11,95;0;0;;
UNIS003;WID;FA;301/10072548;2022-12-30;6;PD;10983016;HSG MRB2D NANO BLK2;2;10000;06;11,00;0;0;;
UNIS003;WID;FA;301/10072548;2022-12-30;7;PD;10971305;BTY DRAWER FS NANO BLK2;2;10000;06;7,50;0;0;;
UNIS003;WID;FA;301/10072548;2022-12-30;8;PD;10983211;PB PROGRAM BUTTON NANO BLK2;2;10000;06;4,05;0;0;;
UNIS003;WID;FA;301/10072548;2022-12-30;9;PD;10971243;AXLE BATTERY DRAWER PIN;2;10000;06;1,75;0;0;;
UNIS003;WID;FA;301/10072548;2022-12-30;10;PD;21014337;HSG TOP RR4D NANO ATBG;2;10000;06;11,00;0;0;;
UNIS003;WID;FA;301/10072548;2022-12-30;11;PD;21016119;HSG BTM RR4D PAD NANO ATBG;2;10000;06;11,00;0;0;;
UNIS003;WID;FA;301/10072548;2022-12-30;12;PD;10983315;GASKET AUD PROG KEY NANO WABG;2;10000;06;4,05;0;0;;
UNIS003;WID;FA;301/10072548;2022-12-30;13;PD;21014338;HSG TOP RR4D NANO CCRN;2;10000;06;11,00;0;0;;
UNIS003;WID;FA;301/10072548;2022-12-30;14;PD;21016113;HSG BTM RR4D PAD NANO CCRN;2;10000;06;11,00;0;0;;
UNIS003;WID;FA;301/10072548;2022-12-30;15;PD;10983322;GASKET AUD PROG KEY NANO CRN;2;10000;06;4,05;0;0;;
UNIS003;WID;FA;301/10072548;2022-12-30;16;PD;21014339;HSG TOP RR4D NANO DCHY;2;10000;06;11,00;0;0;;
UNIS003;WID;FA;301/10072548;2022-12-30;17;PD;21016114;HSG BTM RR4D PAD NANO DCHY;2;10000;06;11,00;0;0;;
UNIS003;WID;FA;301/10072548;2022-12-30;18;PD;10983323;GASKET MRR2D CHY;2;10000;06;4,05;0;0;;
UNIS003;WID;FA;301/10072548;2022-12-30;19;PD;21014349;HSG TOP RR4D NANO TCBLK;2;10000;06;11,00;0;0;;
UNIS003;WID;FA;301/10072548;2022-12-30;20;PD;21016115;HSG BTM RR4D PAD NANO TCBLK;2;10000;06;11,00;0;0;;
UNIS003;WID;FA;301/10072548;2022-12-30;21;PD;10983316;GASKET AUD PROG KEY NANO BLK2;2;10000;06;4,05;0;0;;
UNIS003;WID;FA;301/10072548;2022-12-30;22;PD;21014350;HSG TOP RR4D NANO TMGR;2;10000;06;11,00;0;0;;
UNIS003;WID;FA;301/10072548;2022-12-30;23;PD;21016118;HSG BTM RR4D PAD NANO TMGR;2;10000;06;11,00;0;0;;
UNIS003;WID;FA;301/10072548;2022-12-30;24;PD;10983318;GASKET AUDIO PROG NANO GR4;2;10000;06;4,05;0;0;;
UNIS003;WID;FA;301/10072548;2022-12-30;25;PD;21014346;HSG TOP RR4D NANO SLVGR;2;10000;06;11,00;0;0;;
UNIS003;WID;FA;301/10072548;2022-12-30;26;PD;21016116;HSG BTM RR4D PAD NANO SLVGR;2;10000;06;11,00;0;0;;
UNIS003;WID;FA;301/10072548;2022-12-30;27;PD;10983319;GASKET AUDIO IN SEALING PROGRA;2;10000;06;4,05;0;0;;
UNIS003;WID;FA;301/10072548;2022-12-30;28;PD;21014342;HSG TOP RR4D NANO HNBL;2;10000;06;11,00;0;0;;
UNIS003;WID;FA;301/10072548;2022-12-30;29;PD;10983320;GASKET AUD PROG KEY NANO HNY;2;10000;06;4,05;0;0;;
UNIS003;WID;FA;301/10072548;2022-12-30;30;PD;21016112;HSG BTM RR4D PAD NANO HNBL;2;10000;06;11,00;0;0;;
UNIS003;WID;FA;301/10072548;2022-12-30;31;PD;21014341;HSG TOP RR4D NANO GBRN;2;10000;06;11,00;0;0;;
UNIS003;WID;FA;301/10072548;2022-12-30;32;PD;21016117;HSG BTM RR4D PAD NANO GBRN;2;10000;06;11,00;0;0;;
UNIS003;WID;FA;301/10072548;2022-12-30;33;PD;10983321;GASKET AUD PROG KEY NANO GLDN;2;10000;06;4,05;0;0;;
UNIS003;WID;FA;301/10072548;2022-12-30;34;PT;10536616;FREIGHT;1;00;20;13,49;13,49;16,19;;
UNIS003;WID;FA;301/10072548;2022-12-30;35;PR;21014257;HA MOMENT MRR4D 440 CCRN;2;00;06;491,00;982;1036,01;|1072507|1104544;
UNIS003;WID;FA;301/10072548;2022-12-30;36;GAR;10536516;WARRANTY EXTEND 2 YR-HIGH END;2;10000;06;55,00;0;0;;
UNIS003;WID;FA;301/10072548;2022-12-30;37;ECO;10539532;TAX 2 ENV CONTRIBUTION;2;00;06;0,02;0,04;0,04;;
UNIS003;WID;FA;301/10072548;2022-12-30;38;PD;10990735;REC V.2 RIC M 2R;4;00;06;29,90;119,6;126,18;|1801600|1798976|1804965|1798820;
UNIS003;WID;FA;301/10072548;2022-12-30;39;PD;10990736;REC V.2 RIC M 2L;4;00;06;29,90;119,6;126,18;|1809686|1793471|1807966|1786577;
UNIS003;WID;FA;301/10072548;2022-12-30;40;PR;21014291;HA MOMENT MRR4D 440 TCBLK;2;00;06;491,00;982;1036,01;|1074088|1076940;
UNIS003;WID;FA;301/10072548;2022-12-30;41;GAR;10536516;WARRANTY EXTEND 2 YR-HIGH END;2;10000;06;55,00;0;0;;
UNIS003;WID;FA;301/10072548;2022-12-30;42;ECO;10539532;TAX 2 ENV CONTRIBUTION;2;00;06;0,02;0,04;0,04;;
UNIS003;WID;FA;301/10072548;2022-12-30;43;PD;10990737;REC V.2 RIC M 3R;4;00;06;29,90;119,6;126,18;|1783097|1782431|1782443|1783194;
UNIS003;WID;FA;301/10072548;2022-12-30;44;PD;10990738;REC V.2 RIC M 3L;4;00;06;29,90;119,6;126,18;|1732260|1744939|1745983|1731607;
UNIS003;WID;FA;301/10072548;2022-12-30;45;PR;21014304;HA MOMENT MRR4D 440 SLVGR;4;00;06;491,00;1964;2072,02;|1062287|1062566|1062437|1062556;
UNIS003;WID;FA;301/10072548;2022-12-30;46;GAR;10536516;WARRANTY EXTEND 2 YR-HIGH END;4;10000;06;55,00;0;0;;
UNIS003;WID;FA;301/10072548;2022-12-30;47;ECO;10539532;TAX 2 ENV CONTRIBUTION;4;00;06;0,02;0,08;0,08;;
UNIS003;WID;FA;301/10072548;2022-12-30;48;PD;10990739;REC V.2 RIC M 4R;4;00;06;29,90;119,6;126,18;|1578679|1577212|1453859|1751981;
UNIS003;WID;FA;301/10072548;2022-12-30;49;PD;10990740;REC V.2 RIC M 4L;4;00;06;29,90;119,6;126,18;|1550950|1456953|1655464|1654796;
UNIS003;WID;FA;301/10072548;2022-12-30;50;PT;10536616;FREIGHT;1;00;20;13,49;13,49;16,19;;
UNIS003;WID;FA;301/10072548;2022-12-30;51;PR;ITE-21003401-L;MO M-CIC-M 440  CIC;1;00;06;465,00;465;490,58;|348754;
UNIS003;WID;FA;301/10072548;2022-12-30;52;GAR;10536516;WARRANTY EXTEND 2 YR-HIGH END;1;10000;06;55,00;0;0;;
UNIS003;WID;FA;301/10072548;2022-12-30;53;ECO;10539532;TAX 2 ENV CONTRIBUTION;1;00;06;0,02;0,02;0,02;;
UNIS003;WID;FA;301/10072548;2022-12-30;54;AUT;10240037;FEE SHELL FOR ITE;1;00;06;50,00;50;52,75;;
UNIS003;WID;FA;301/10072548;2022-12-30;55;PR;ITE-21003401-R;MO M-CIC-M 440  CIC;1;00;06;465,00;465;490,58;|348778;
UNIS003;WID;FA;301/10072548;2022-12-30;56;GAR;10536516;WARRANTY EXTEND 2 YR-HIGH END;1;10000;06;55,00;0;0;;
UNIS003;WID;FA;301/10072548;2022-12-30;57;ECO;10539532;TAX 2 ENV CONTRIBUTION;1;00;06;0,02;0,02;0,02;;
UNIS003;WID;FA;301/10072548;2022-12-30;58;AUT;10240037;FEE SHELL FOR ITE;1;00;06;50,00;50;52,75;;
UNIS003;WID;FA;301/10072548;2022-12-30;59;PT;10536616;FREIGHT;1;00;20;13,49;13,49;16,19;;
UNIS003;WID;FA;301/10072548;2022-12-30;60;AUT;10978857;WAXGUARD SET NANOCARE;30;2500;06;3,88;87,3;92,1;;
UNIS003;WID;FA;301/10072548;2022-12-30;61;PD;21014134;HSG TOP RR4D NANO PRWHT;2;10000;06;11,00;0;0;;
UNIS003;WID;FA;301/10072548;2022-12-30;62;PD;21016111;HSG BTM RR4D PAD NANO PRWHT;2;10000;06;11,00;0;0;;
UNIS003;WID;FA;301/10072548;2022-12-30;63;PD;10983317;GASKET AUD PROG KEY NANO WHT2;2;10000;06;4,05;0;0;;
UNIS003;WID;FA;301/10072548;2022-12-30;64;PT;10536616;FREIGHT;1;00;20;13,49;13,49;16,19;;
UNIS003;WID;FA;301/10072548;2022-12-30;65;PR;ITE-10990488-L;MOMNT M-CIC 440 CIC;1;00;06;465,00;465;490,58;|351562;
UNIS003;WID;FA;301/10072548;2022-12-30;66;GAR;10536516;WARRANTY EXTEND 2 YR-HIGH END;1;10000;06;55,00;0;0;;
UNIS003;WID;FA;301/10072548;2022-12-30;67;ECO;10539532;TAX 2 ENV CONTRIBUTION;1;00;06;0,02;0,02;0,02;;
UNIS003;WID;FA;301/10072548;2022-12-30;68;AUT;10240037;FEE SHELL FOR ITE;1;00;06;50,00;50;52,75;;
UNIS003;WID;FA;301/10072548;2022-12-30;69;PR;ITE-10990488-R;MOMNT M-CIC 440 CIC;1;00;06;465,00;465;490,58;|351691;
UNIS003;WID;FA;301/10072548;2022-12-30;70;GAR;10536516;WARRANTY EXTEND 2 YR-HIGH END;1;10000;06;55,00;0;0;;
UNIS003;WID;FA;301/10072548;2022-12-30;71;ECO;10539532;TAX 2 ENV CONTRIBUTION;1;00;06;0,02;0,02;0,02;;
UNIS003;WID;FA;301/10072548;2022-12-30;72;AUT;10240037;FEE SHELL FOR ITE;1;00;06;50,00;50;52,75;;
UNIS004;WID;FA;301/10072549;2022-12-30;1;PT;10536616;FREIGHT;1;00;20;13,49;13,49;16,19;;
UNIS004;WID;FA;301/10072549;2022-12-30;2;PR;10985524;HA MOMENT MRB2D 440 CCRN;2;00;06;491,00;982;1036,01;|458164|458264;
UNIS004;WID;FA;301/10072549;2022-12-30;3;GAR;10536516;WARRANTY EXTEND 2 YR-HIGH END;2;10000;06;55,00;0;0;;
UNIS004;WID;FA;301/10072549;2022-12-30;4;ECO;10539532;TAX 2 ENV CONTRIBUTION;2;00;06;0,02;0,04;0,04;;
UNIS004;WID;FA;301/10072549;2022-12-30;5;PR;21014295;HA MOMENT MRR4D 440 TMGR;2;00;06;491,00;982;1036,01;|1058637|1058627;
UNIS004;WID;FA;301/10072549;2022-12-30;6;GAR;10536516;WARRANTY EXTEND 2 YR-HIGH END;2;10000;06;55,00;0;0;;
UNIS004;WID;FA;301/10072549;2022-12-30;7;ECO;10539532;TAX 2 ENV CONTRIBUTION;2;00;06;0,02;0,04;0,04;;
UNIS004;WID;FA;301/10072549;2022-12-30;8;PR;21014271;HA MOMENT MRR4D 440 GBRN;4;00;06;491,00;1964;2072,02;|1101813|1101919|1101819|1101849;
UNIS004;WID;FA;301/10072549;2022-12-30;9;GAR;10536516;WARRANTY EXTEND 2 YR-HIGH END;4;10000;06;55,00;0;0;;
UNIS004;WID;FA;301/10072549;2022-12-30;10;ECO;10539532;TAX 2 ENV CONTRIBUTION;4;00;06;0,02;0,08;0,08;;
UNIS004;WID;FA;301/10072549;2022-12-30;11;PD;10990736;REC V.2 RIC M 2L;2;00;06;29,90;59,8;63,09;|1544715|1793911;
UNIS004;WID;FA;301/10072549;2022-12-30;12;PD;10990735;REC V.2 RIC M 2R;2;00;06;29,90;59,8;63,09;|1728315|1728319;
UNIS004;WID;FA;301/10072549;2022-12-30;13;PD;10983539;REC WIRED S RIC R 2R N.A;1;00;06;29,90;29,9;31,54;|2352337;
UNIS004;WID;FA;301/10072549;2022-12-30;14;PD;10983540;REC WIRED S RIC L 2L N.A;1;00;06;29,90;29,9;31,54;|2377980;
UNIS004;WID;FA;301/10072549;2022-12-30;15;PD;10977927;REC WIRED M RIC R 2R N.A;1;00;06;29,90;29,9;31,54;|5512349;
UNIS004;WID;FA;301/10072549;2022-12-30;16;PD;10983549;REC WIRED M RIC L 2L N.A;1;00;06;29,90;29,9;31,54;|6251680;
UNIS004;WID;FA;301/10072549;2022-12-30;17;PD;10983703;PKG INSTANT OPEN EARTIP S 10;6;10000;06;10,00;0;0;;
UNIS004;WID;FA;301/10072549;2022-12-30;18;PD;10983704;PKG INSTANT OPEN EARTIP L 10;3;10000;06;10,00;0;0;;
UNIS004;WID;FA;301/10072549;2022-12-30;19;AC;21015731;ACC. SRIC WPT103 TYP C, EU LP2;3;10000;06;129,00;0;0;|0129864|0129875|0129866;
UNIS004;WID;FA;301/10072549;2022-12-30;20;PT;10536616;FREIGHT;1;00;20;13,49;13,49;16,19;;
UNIS004;WID;FA;301/10072549;2022-12-30;21;PR;10985529;HA MOMENT MRB2D 440 TMGR;2;00;06;491,00;982;1036,01;|459953|456188;
UNIS004;WID;FA;301/10072549;2022-12-30;22;GAR;10536516;WARRANTY EXTEND 2 YR-HIGH END;2;10000;06;55,00;0;0;;
UNIS004;WID;FA;301/10072549;2022-12-30;23;ECO;10539532;TAX 2 ENV CONTRIBUTION;2;00;06;0,02;0,04;0,04;;
UNIS004;WID;FA;301/10072549;2022-12-30;24;PR;10973303;HA EJY E-F2 220 TMGR;2;00;06;160,00;320;337,6;|1024978|1024998;
UNIS004;WID;FA;301/10072549;2022-12-30;25;GAR;10536516;WARRANTY EXTEND 2 YR-HIGH END;2;10000;06;55,00;0;0;;
UNIS004;WID;FA;301/10072549;2022-12-30;26;ECO;10539532;TAX 2 ENV CONTRIBUTION;2;00;06;0,02;0,04;0,04;;
UNIS004;WID;FA;301/10072549;2022-12-30;27;PT;10536616;FREIGHT;1;00;20;13,49;13,49;16,19;;
UNIS004;WID;FA;301/10072549;2022-12-30;28;PR;ITE-21003401-L;MO M-CIC-M 440  CIC;1;00;06;465,00;465;490,58;|338362;
UNIS004;WID;FA;301/10072549;2022-12-30;29;GAR;10536516;WARRANTY EXTEND 2 YR-HIGH END;1;10000;06;55,00;0;0;;
UNIS004;WID;FA;301/10072549;2022-12-30;30;ECO;10539532;TAX 2 ENV CONTRIBUTION;1;00;06;0,02;0,02;0,02;;
UNIS004;WID;FA;301/10072549;2022-12-30;31;AUT;10240037;FEE SHELL FOR ITE;1;00;06;50,00;50;52,75;;
UNIS004;WID;FA;301/10072549;2022-12-30;32;PR;ITE-21003401-R;MO M-CIC-M 440  CIC;1;00;06;465,00;465;490,58;|338364;
UNIS004;WID;FA;301/10072549;2022-12-30;33;GAR;10536516;WARRANTY EXTEND 2 YR-HIGH END;1;10000;06;55,00;0;0;;
UNIS004;WID;FA;301/10072549;2022-12-30;34;ECO;10539532;TAX 2 ENV CONTRIBUTION;1;00;06;0,02;0,02;0,02;;
UNIS004;WID;FA;301/10072549;2022-12-30;35;AUT;10240037;FEE SHELL FOR ITE;1;00;06;50,00;50;52,75;;
UNIS005;WID;FA;301/10072550;2022-12-30;1;PT;10536616;FREIGHT;1;00;20;13,49;13,49;16,19;;
UNIS005;WID;FA;301/10072550;2022-12-30;2;PD;10990739;REC V.2 RIC M 4R;3;00;06;29,90;89,7;94,63;|1564580|1749718|1564572;
UNIS005;WID;FA;301/10072550;2022-12-30;3;PD;10990749;REC V.2 RIC P 4L;2;00;06;29,90;59,8;63,09;|1793747|1793598;
UNIS005;WID;FA;301/10072550;2022-12-30;4;PD;10983560;REC WIRED P RIC R 3R N.A;1;00;06;29,90;29,9;31,54;|1661844;
UNIS005;WID;FA;301/10072550;2022-12-30;5;PD;10983562;REC WIRED P RIC R 4R N.A;2;00;06;29,90;59,8;63,09;|1591219|1591215;
UNIS005;WID;FA;301/10072550;2022-12-30;6;PD;10983563;REC WIRED P RIC L 4L N.A;2;00;06;29,90;59,8;63,09;|1462266|1602371;
UNIS006;WID;FA;301/10072551;2022-12-30;1;PT;10536616;FREIGHT;1;00;20;13,49;13,49;16,19;;
UNIS006;WID;FA;301/10072551;2022-12-30;2;PR;21014275;HA MOMENT MRR4D 440 HNBL;2;00;06;491,00;982;1036,01;|1085718|1085648;
UNIS006;WID;FA;301/10072551;2022-12-30;3;GAR;10536516;WARRANTY EXTEND 2 YR-HIGH END;2;10000;06;55,00;0;0;;
UNIS006;WID;FA;301/10072551;2022-12-30;4;ECO;10539532;TAX 2 ENV CONTRIBUTION;2;00;06;0,02;0,04;0,04;;
UNIS006;WID;FA;301/10072551;2022-12-30;5;PR;21014291;HA MOMENT MRR4D 440 TCBLK;2;00;06;491,00;982;1036,01;|1076868|1076958;
UNIS006;WID;FA;301/10072551;2022-12-30;6;GAR;10536516;WARRANTY EXTEND 2 YR-HIGH END;2;10000;06;55,00;0;0;;
UNIS006;WID;FA;301/10072551;2022-12-30;7;ECO;10539532;TAX 2 ENV CONTRIBUTION;2;00;06;0,02;0,04;0,04;;
UNIS006;WID;FA;301/10072551;2022-12-30;8;PR;21014295;HA MOMENT MRR4D 440 TMGR;2;00;06;491,00;982;1036,01;|1104858|1102095;
UNIS006;WID;FA;301/10072551;2022-12-30;9;GAR;10536516;WARRANTY EXTEND 2 YR-HIGH END;2;10000;06;55,00;0;0;;
UNIS006;WID;FA;301/10072551;2022-12-30;10;ECO;10539532;TAX 2 ENV CONTRIBUTION;2;00;06;0,02;0,04;0,04;;
UNIS006;WID;FA;301/10072551;2022-12-30;11;PR;21014257;HA MOMENT MRR4D 440 CCRN;2;00;06;491,00;982;1036,01;|1076904|1104554;
UNIS006;WID;FA;301/10072551;2022-12-30;12;GAR;10536516;WARRANTY EXTEND 2 YR-HIGH END;2;10000;06;55,00;0;0;;
UNIS006;WID;FA;301/10072551;2022-12-30;13;ECO;10539532;TAX 2 ENV CONTRIBUTION;2;00;06;0,02;0,04;0,04;;
UNIS006;WID;FA;301/10072551;2022-12-30;14;PR;21014253;HA MOMENT MRR4D 440 ATBG;2;00;06;491,00;982;1036,01;|1056860|1056961;
UNIS006;WID;FA;301/10072551;2022-12-30;15;GAR;10536516;WARRANTY EXTEND 2 YR-HIGH END;2;10000;06;55,00;0;0;;
UNIS006;WID;FA;301/10072551;2022-12-30;16;ECO;10539532;TAX 2 ENV CONTRIBUTION;2;00;06;0,02;0,04;0,04;;
UNIS006;WID;FA;301/10072551;2022-12-30;17;PD;10990736;REC V.2 RIC M 2L;10;00;06;29,90;299;315,45;|1754000|1753999|1753998|1753997|1753996|1753995|1753994|1753993|1753992|1753991;
UNIS006;WID;FA;301/10072551;2022-12-30;18;PD;10990735;REC V.2 RIC M 2R;10;00;06;29,90;299;315,45;|1728309|1728301|1728302|1728303|1728304|1728308|1728307|1728306|1728305|1728310;
UNIS006;WID;FA;301/10072551;2022-12-30;19;PD;10990740;REC V.2 RIC M 4L;4;00;06;29,90;119,6;126,18;|1654622|1651090|1651118|1651089;
UNIS006;WID;FA;301/10072551;2022-12-30;20;PD;10990739;REC V.2 RIC M 4R;4;00;06;29,90;119,6;126,18;|1751681|1751699|1748011|1751682;
UNIS006;WID;FA;301/10072551;2022-12-30;21;PT;10536616;FREIGHT;1;00;20;13,49;13,49;16,19;;
UNIS006;WID;FA;301/10072551;2022-12-30;22;PR;10985530;HA MOMENT MRB2D 440 ATBG;1;00;06;491,00;491;518,01;|458639;
UNIS006;WID;FA;301/10072551;2022-12-30;23;GAR;10536516;WARRANTY EXTEND 2 YR-HIGH END;1;10000;06;55,00;0;0;;
UNIS006;WID;FA;301/10072551;2022-12-30;24;ECO;10539532;TAX 2 ENV CONTRIBUTION;1;00;06;0,02;0,02;0,02;;
UNIS006;WID;FA;301/10072551;2022-12-30;25;PR;10973062;HA EJY E-FS-T 220 TMGR;1;00;06;160,00;160;168,8;|404181;
UNIS006;WID;FA;301/10072551;2022-12-30;26;GAR;10536516;WARRANTY EXTEND 2 YR-HIGH END;1;10000;06;55,00;0;0;;
UNIS006;WID;FA;301/10072551;2022-12-30;27;ECO;10539532;TAX 2 ENV CONTRIBUTION;1;00;06;0,02;0,02;0,02;;
UNIS006;WID;FA;301/10072551;2022-12-30;28;PR;10973302;HA EJY E-F2 220 SLVGR;1;00;06;160,00;160;168,8;|1009852;
UNIS006;WID;FA;301/10072551;2022-12-30;29;GAR;10536516;WARRANTY EXTEND 2 YR-HIGH END;1;10000;06;55,00;0;0;;
UNIS006;WID;FA;301/10072551;2022-12-30;30;ECO;10539532;TAX 2 ENV CONTRIBUTION;1;00;06;0,02;0,02;0,02;;
UNIS006;WID;FA;301/10072551;2022-12-30;31;PD;10982994;HSG UPPER NANO ATBG;1;10000;06;11,95;0;0;;
UNIS006;WID;FA;301/10072551;2022-12-30;32;PD;10983015;HSG BTM NANO WABG;1;10000;06;11,00;0;0;;
UNIS006;WID;FA;301/10072551;2022-12-30;33;PD;10971303;BTY DRAWER FS NANO WABG;1;10000;06;7,50;0;0;;
UNIS006;WID;FA;301/10072551;2022-12-30;34;PD;10983209;PB PROGRAM BUTTON NANO WABG;1;10000;06;4,05;0;0;;
UNIS006;WID;FA;301/10072551;2022-12-30;35;PD;10971243;AXLE BATTERY DRAWER PIN;1;10000;06;1,75;0;0;;
UNIS006;WID;FA;301/10072551;2022-12-30;36;PT;10536616;FREIGHT;1;00;20;13,49;13,49;16,19;;
UNIS006;WID;FA;301/10072551;2022-12-30;37;PD;10983539;REC WIRED S RIC R 2R N.A;1;00;06;29,90;29,9;31,54;|2371653;
UNIS006;WID;FA;301/10072551;2022-12-30;38;PD;10983540;REC WIRED S RIC L 2L N.A;1;00;06;29,90;29,9;31,54;|2351886;
UNIS006;WID;FA;301/10072551;2022-12-30;39;PD;10983547;REC WIRED M RIC R 1R N.A;4;00;06;29,90;119,6;126,18;|6172339|6188372|6188201|6172020;
UNIS006;WID;FA;301/10072551;2022-12-30;40;PD;10983548;REC WIRED M RIC L 1L N.A;3;00;06;29,90;89,7;94,63;|6144127|6192794|6192754;
UNIS006;WID;FA;301/10072551;2022-12-30;41;PD;10977927;REC WIRED M RIC R 2R N.A;10;00;06;29,90;299;315,45;|6154080|6153246|6153229|6153571|6165599|6165964|6154317|6165633|6165761|6166032;
UNIS006;WID;FA;301/10072551;2022-12-30;42;PD;10983549;REC WIRED M RIC L 2L N.A;9;00;06;29,90;269,1;283,9;|6235944|6239562|6169244|6240067|6173770|6235920|6169137|6239245|6173818;
UNIS006;WID;FA;301/10072551;2022-12-30;43;PD;10983550;REC WIRED M RIC R 3R N.A;3;00;06;29,90;89,7;94,63;|6093548|6137463|6196317;
UNIS006;WID;FA;301/10072551;2022-12-30;44;PD;10983551;REC WIRED M RIC L 3L N.A;2;00;06;29,90;59,8;63,09;|6140808|6139451;
UNIS006;WID;FA;301/10072551;2022-12-30;45;PD;10983554;REC WIRED P RIC R 0R N.A;4;00;06;29,90;119,6;126,18;|1480637|1481316|1481405|1150770;
UNIS006;WID;FA;301/10072551;2022-12-30;46;PD;10983555;REC WIRED P RIC L 0L N.A;4;00;06;29,90;119,6;126,18;|1475365|1476519|1476248|1475249;
UNIS006;WID;FA;301/10072551;2022-12-30;47;PT;10536616;FREIGHT;1;00;20;13,49;13,49;16,19;;
UNIS006;WID;FA;301/10072551;2022-12-30;48;PR;10973301;HA EJY E-F2 220 TCBLK;2;00;06;160,00;320;337,6;|1024806|1024766;
UNIS006;WID;FA;301/10072551;2022-12-30;49;GAR;10536516;WARRANTY EXTEND 2 YR-HIGH END;2;10000;06;55,00;0;0;;
UNIS006;WID;FA;301/10072551;2022-12-30;50;ECO;10539532;TAX 2 ENV CONTRIBUTION;2;00;06;0,02;0,04;0,04;;
UNIS006;WID;FA;301/10072551;2022-12-30;51;PR;10973301;HA EJY E-F2 220 TCBLK;2;00;06;160,00;320;337,6;|1024636|1024626;
UNIS006;WID;FA;301/10072551;2022-12-30;52;GAR;10536516;WARRANTY EXTEND 2 YR-HIGH END;2;10000;06;55,00;0;0;;
UNIS006;WID;FA;301/10072551;2022-12-30;53;ECO;10539532;TAX 2 ENV CONTRIBUTION;2;00;06;0,02;0,04;0,04;;
UNIS006;WID;FA;301/10072551;2022-12-30;54;PR;21014295;HA MOMENT MRR4D 440 TMGR;2;00;06;491,00;982;1036,01;|1058435|1058425;
UNIS006;WID;FA;301/10072551;2022-12-30;55;GAR;10536516;WARRANTY EXTEND 2 YR-HIGH END;2;10000;06;55,00;0;0;;
UNIS006;WID;FA;301/10072551;2022-12-30;56;ECO;10539532;TAX 2 ENV CONTRIBUTION;2;00;06;0,02;0,04;0,04;;
UNIS006;WID;FA;301/10072551;2022-12-30;57;AC;21006767;ACC. MRIC CHARGE WPC101 TYP C;1;00;06;105,00;105;110,78;|0156135;
UNIS006;WID;FA;301/10072551;2022-12-30;58;ECO;10539532;TAX 2 ENV CONTRIBUTION;1;10000;06;0,02;0;0;;
UNIS006;WID;FA;301/10072551;2022-12-30;59;AC;21006767;ACC. MRIC CHARGE WPC101 TYP C;1;00;06;105,00;105;110,78;|0155989;
UNIS006;WID;FA;301/10072551;2022-12-30;60;ECO;10539532;TAX 2 ENV CONTRIBUTION;1;10000;06;0,02;0;0;;
UNIS006;WID;FA;301/10072551;2022-12-30;61;AC;21015731;ACC. SRIC WPT103 TYP C, EU LP2;1;10000;06;129,00;0;0;|0129726;
UNIS006;WID;FA;301/10072551;2022-12-30;62;PD;10971416;HSG TOP F2 NANO PRWHT;2;10000;06;11,95;0;0;;
UNIS006;WID;FA;301/10072551;2022-12-30;63;PD;10971484;HSG LOWER F2 NANO WHT2;2;10000;06;7,28;0;0;;
UNIS006;WID;FA;301/10072551;2022-12-30;64;PD;10971307;BTY DRAWER FS NANO WHT2;2;10000;06;7,50;0;0;;
UNIS006;WID;FA;301/10072551;2022-12-30;65;PT;10536616;FREIGHT;1;10000;20;13,49;0;0;;
UNIS006;WID;FA;301/10072551;2022-12-30;66;PD;10971587;PB PROGRAM NANO PLT;1;10000;06;4,05;0;0;;
UNIS006;WID;FA;301/10072551;2022-12-30;67;PD;10971557;COVER MICROPHONE NANO COATED P;1;10000;06;2,80;0;0;;
UNIS006;WID;FA;301/10072551;2022-12-30;68;PT;10536616;FREIGHT;1;00;20;13,49;13,49;16,19;;
UNIS006;WID;FA;301/10072551;2022-12-30;69;PR;10975829;HA EJY E-FA-T-VC 220 TCBLK;1;00;06;160,00;160;168,8;|249237;
UNIS006;WID;FA;301/10072551;2022-12-30;70;GAR;10536516;WARRANTY EXTEND 2 YR-HIGH END;1;10000;06;55,00;0;0;;
UNIS006;WID;FA;301/10072551;2022-12-30;71;ECO;10539532;TAX 2 ENV CONTRIBUTION;1;00;06;0,02;0,02;0,02;;
UNIS006;WID;FA;301/10072551;2022-12-30;72;PT;10536616;FREIGHT;1;00;20;13,49;13,49;16,19;;
UNIS006;WID;FA;301/10072551;2022-12-30;73;PD;10990732;REC V.2 RIC M 0L;3;00;06;29,90;89,7;94,63;|1580492|1580498|1315384;
UNIS006;WID;FA;301/10072551;2022-12-30;74;PD;10990750;REC V.2 RIC M 0R;6;00;06;29,90;179,4;189,27;|1769306|1727023|1769301|1725142|1727024|1727026;
UNIS006;WID;FA;301/10072551;2022-12-30;75;PD;10990734;REC V.2 RIC M 1L;2;00;06;29,90;59,8;63,09;|1843330|1841609;
UNIS006;WID;FA;301/10072551;2022-12-30;76;PD;10990733;REC V.2 RIC M 1R;4;00;06;29,90;119,6;126,18;|1841072|1840483|1843483|1841292;
UNIS006;WID;FA;301/10072551;2022-12-30;77;PD;10990736;REC V.2 RIC M 2L;2;00;06;29,90;59,8;63,09;|1808077|1821418;
UNIS006;WID;FA;301/10072551;2022-12-30;78;PD;10990738;REC V.2 RIC M 3L;6;00;06;29,90;179,4;189,27;|1775703|1788714|1775619|1775936|1788720|1777063;
UNIS006;WID;FA;301/10072551;2022-12-30;79;PD;10990737;REC V.2 RIC M 3R;5;00;06;29,90;149,5;157,72;|1786124|1783172|1786121|1786123|1786122;
UNIS006;WID;FA;301/10072551;2022-12-30;80;PD;10990740;REC V.2 RIC M 4L;2;00;06;29,90;59,8;63,09;|1754596|1566706;
UNIS006;WID;FA;301/10072551;2022-12-30;81;PD;10990739;REC V.2 RIC M 4R;2;00;06;29,90;59,8;63,09;|1741914|1571059;
UNIS006;WID;FA;301/10072551;2022-12-30;82;PD;10990741;REC V.2 RIC P 0L;2;00;06;29,90;59,8;63,09;|1647489|1608974;
UNIS006;WID;FA;301/10072551;2022-12-30;83;PD;10990751;REC V.2 RIC P 0R;2;00;06;29,90;59,8;63,09;|1671297|1671294;
UNIS006;WID;FA;301/10072551;2022-12-30;84;PD;10990743;REC V.2 RIC P 1L;2;00;06;29,90;59,8;63,09;|1707405|1796473;
UNIS006;WID;FA;301/10072551;2022-12-30;85;PD;10990742;REC V.2 RIC P 1R;2;00;06;29,90;59,8;63,09;|1765746|1750791;
UNIS006;WID;FA;301/10072551;2022-12-30;86;PD;10990745;REC V.2 RIC P 2L;2;00;06;29,90;59,8;63,09;|1795255|1766942;
UNIS006;WID;FA;301/10072551;2022-12-30;87;PD;10990744;REC V.2 RIC P 2R;2;00;06;29,90;59,8;63,09;|1776592|1775312;
UNIS006;WID;FA;301/10072551;2022-12-30;88;PD;10990747;REC V.2 RIC P 3L;2;00;06;29,90;59,8;63,09;|1800117|1752729;
UNIS006;WID;FA;301/10072551;2022-12-30;89;PD;10990746;REC V.2 RIC P 3R;2;00;06;29,90;59,8;63,09;|1781419|1780777;
UNIS006;WID;FA;301/10072551;2022-12-30;90;PD;10990749;REC V.2 RIC P 4L;2;00;06;29,90;59,8;63,09;|1794538|1793741;
UNIS006;WID;FA;301/10072551;2022-12-30;91;PD;10990748;REC V.2 RIC P 4R;2;00;06;29,90;59,8;63,09;|1780758|1780759;
UNIS006;WID;FA;301/10072551;2022-12-30;92;PD;10983550;REC WIRED M RIC R 3R N.A;2;00;06;29,90;59,8;63,09;|6211062|6210743;
UNIS006;WID;FA;301/10072551;2022-12-30;93;PD;10983551;REC WIRED M RIC L 3L N.A;2;00;06;29,90;59,8;63,09;|6254330|6254748;
UNIS006;WID;FA;301/10072551;2022-12-30;94;PD;10983558;REC WIRED P RIC R 2R N.A;2;00;06;29,90;59,8;63,09;|1653372|1703686;
UNIS006;WID;FA;301/10072551;2022-12-30;95;PD;10983559;REC WIRED P RIC L 2L N.A;2;00;06;29,90;59,8;63,09;|1661457|1660589;
UNIS006;WID;FA;301/10072551;2022-12-30;96;PT;10536616;FREIGHT;1;00;20;13,49;13,49;16,19;;
UNIS006;WID;FA;301/10072551;2022-12-30;97;PR;21007215;HA MOMENT MBR3D 440 TCBLK;2;00;06;491,00;982;1036,01;|1002025|1001975;
UNIS006;WID;FA;301/10072551;2022-12-30;98;GAR;10536516;WARRANTY EXTEND 2 YR-HIGH END;2;10000;06;55,00;0;0;;
UNIS006;WID;FA;301/10072551;2022-12-30;99;ECO;10539532;TAX 2 ENV CONTRIBUTION;2;00;06;0,02;0,04;0,04;;
UNIS006;WID;FA;301/10072551;2022-12-30;100;PT;10536616;FREIGHT;1;00;20;13,49;13,49;16,19;;
UNIS006;WID;FA;301/10072551;2022-12-30;101;AC;10985609;ACC. COM-DEX (SB) ATHGR;2;2000;06;120,00;192;202,56;|5032881|5032854;
UNIS006;WID;FA;301/10072551;2022-12-30;102;ECO;10539533;TAX 3 ENV CONTRIBUTION;2;00;06;0,06;0,12;0,13;;
;WID;FA;301/10072552;2022-12-30;1;PT;10536616;FREIGHT;1;00;20;13,49;13,49;16,19;;
;WID;FA;301/10072552;2022-12-30;2;AUT;10978857;WAXGUARD SET NANOCARE;10;2500;06;3,88;29,1;30,7;;
UNIS001;WID;AV;302/10008073;2022-12-30;1;PR;21014253;HA MOMENT MRR4D 440 ATBG;2;00;06;-491,00;-982;-1036,01;|1018691|1018641;
UNIS001;WID;AV;302/10008073;2022-12-30;2;GAR;10536516;WARRANTY EXTEND 2 YR-HIGH END;2;10000;06;-55,00;0;0;;
UNIS001;WID;AV;302/10008073;2022-12-30;3;ECO;10539532;TAX 2 ENV CONTRIBUTION;2;00;06;-0,02;-0,04;-0,04;;
UNIS001;WID;AV;302/10008073;2022-12-30;4;PR;ITE-21003401-L;MO M-CIC-M 440  CIC;1;00;06;-465,00;-465;-490,58;|345809;
UNIS001;WID;AV;302/10008073;2022-12-30;5;GAR;10536516;WARRANTY EXTEND 2 YR-HIGH END;1;10000;06;-55,00;0;0;;
UNIS001;WID;AV;302/10008073;2022-12-30;6;ECO;10539532;TAX 2 ENV CONTRIBUTION;1;00;06;-0,02;-0,02;-0,02;;
UNIS001;WID;AV;302/10008073;2022-12-30;7;AUT;10240037;FEE SHELL FOR ITE;1;10000;06;-50,00;0;0;;
UNIS001;WID;AV;302/10008073;2022-12-30;8;PR;ITE-21003401-R;MO M-CIC-M 440  CIC;1;00;06;-465,00;-465;-490,58;|345816;
UNIS001;WID;AV;302/10008073;2022-12-30;9;GAR;10536516;WARRANTY EXTEND 2 YR-HIGH END;1;10000;06;-55,00;0;0;;
UNIS001;WID;AV;302/10008073;2022-12-30;10;AUT;10240037;FEE SHELL FOR ITE;1;10000;06;-50,00;0;0;;
UNIS001;WID;AV;302/10008073;2022-12-30;11;ECO;10539532;TAX 2 ENV CONTRIBUTION;1;00;06;-0,02;-0,02;-0,02;;
UNIS001;WID;AV;302/10008073;2022-12-30;12;PR;10973303;HA EJY E-F2 220 TMGR;2;00;06;-160,00;-320;-337,6;|1006909|1006919;
UNIS001;WID;AV;302/10008073;2022-12-30;13;GAR;10536516;WARRANTY EXTEND 2 YR-HIGH END;2;10000;06;-55,00;0;0;;
UNIS001;WID;AV;302/10008073;2022-12-30;14;ECO;10539532;TAX 2 ENV CONTRIBUTION;2;00;06;-0,02;-0,04;-0,04;;
UNIS001;WID;AV;302/10008073;2022-12-30;15;PR;21014304;HA MOMENT MRR4D 440 SLVGR;2;00;06;-491,00;-982;-1036,01;|1104864|1104854;
UNIS001;WID;AV;302/10008073;2022-12-30;16;GAR;10536516;WARRANTY EXTEND 2 YR-HIGH END;2;10000;06;-55,00;0;0;;
UNIS001;WID;AV;302/10008073;2022-12-30;17;ECO;10539532;TAX 2 ENV CONTRIBUTION;2;00;06;-0,02;-0,04;-0,04;;
UNIS001;WID;AV;302/10008073;2022-12-30;18;PR;10985527;HA MOMENT MRB2D 440 SLVGR;2;00;06;-491,00;-982;-1036,01;|468483|468383;
UNIS001;WID;AV;302/10008073;2022-12-30;19;GAR;10536516;WARRANTY EXTEND 2 YR-HIGH END;2;10000;06;-55,00;0;0;;
UNIS001;WID;AV;302/10008073;2022-12-30;20;ECO;10539532;TAX 2 ENV CONTRIBUTION;2;00;06;-0,02;-0,04;-0,04;;
UNIS001;WID;AV;302/10008073;2022-12-30;21;PR;21014275;HA MOMENT MRR4D 440 HNBL;1;00;06;-491,00;-491;-518,01;|0025483;
UNIS001;WID;AV;302/10008073;2022-12-30;22;GAR;10536516;WARRANTY EXTEND 2 YR-HIGH END;1;10000;06;-55,00;0;0;;
UNIS001;WID;AV;302/10008073;2022-12-30;23;ECO;10539532;TAX 2 ENV CONTRIBUTION;1;00;06;-0,02;-0,02;-0,02;;
UNIS001;WID;AV;302/10008073;2022-12-30;24;PR;21014275;HA MOMENT MRR4D 440 HNBL;2;00;06;-491,00;-982;-1036,01;|1053366|1063871;
UNIS001;WID;AV;302/10008073;2022-12-30;25;GAR;10536516;WARRANTY EXTEND 2 YR-HIGH END;2;10000;06;-55,00;0;0;;
UNIS001;WID;AV;302/10008073;2022-12-30;26;ECO;10539532;TAX 2 ENV CONTRIBUTION;2;00;06;-0,02;-0,04;-0,04;;
UNIS001;WID;AV;302/10008073;2022-12-30;27;PR;10985529;HA MOMENT MRB2D 440 TMGR;2;00;06;-491,00;-982;-1036,01;|461455|461465;
UNIS001;WID;AV;302/10008073;2022-12-30;28;GAR;10536516;WARRANTY EXTEND 2 YR-HIGH END;2;10000;06;-55,00;0;0;;
UNIS001;WID;AV;302/10008073;2022-12-30;29;ECO;10539532;TAX 2 ENV CONTRIBUTION;2;00;06;-0,02;-0,04;-0,04;;
UNIS001;WID;AV;302/10008073;2022-12-30;30;PR;ITE-10990487-R;MOMNT M-CIC 330 CIC;1;00;06;-385,00;-385;-406,18;|348358;
UNIS001;WID;AV;302/10008073;2022-12-30;31;GAR;10536516;WARRANTY EXTEND 2 YR-HIGH END;1;10000;06;-55,00;0;0;;
UNIS001;WID;AV;302/10008073;2022-12-30;32;AUT;10240037;FEE SHELL FOR ITE;1;00;06;-50,00;-50;-52,75;;
UNIS001;WID;AV;302/10008073;2022-12-30;33;ECO;10539532;TAX 2 ENV CONTRIBUTION;1;00;06;-0,02;-0,02;-0,02;;
UNIS001;WID;AV;302/10008073;2022-12-30;34;PR;21014291;HA MOMENT MRR4D 440 TCBLK;2;00;06;-491,00;-982;-1036,01;|1104365|1104255;
UNIS001;WID;AV;302/10008073;2022-12-30;35;GAR;10536516;WARRANTY EXTEND 2 YR-HIGH END;2;10000;06;-55,00;0;0;;
UNIS001;WID;AV;302/10008073;2022-12-30;36;ECO;10539532;TAX 2 ENV CONTRIBUTION;2;00;06;-0,02;-0,04;-0,04;;
UNIS001;WID;AV;302/10008073;2022-12-30;37;PR;21014291;HA MOMENT MRR4D 440 TCBLK;2;00;06;-491,00;-982;-1036,01;|1076670|1076731;
UNIS001;WID;AV;302/10008073;2022-12-30;38;GAR;10536516;WARRANTY EXTEND 2 YR-HIGH END;2;10000;06;-55,00;0;0;;
UNIS001;WID;AV;302/10008073;2022-12-30;39;ECO;10539532;TAX 2 ENV CONTRIBUTION;2;00;06;-0,02;-0,04;-0,04;;
UNIS001;WID;AV;302/10008073;2022-12-30;40;PR;21014305;HA MOMENT MRR4D 330 SLVGR;2;00;06;-412,00;-824;-869,32;|1104233|1104263;
UNIS001;WID;AV;302/10008073;2022-12-30;41;GAR;10536516;WARRANTY EXTEND 2 YR-HIGH END;2;10000;06;-55,00;0;0;;
UNIS001;WID;AV;302/10008073;2022-12-30;42;ECO;10539532;TAX 2 ENV CONTRIBUTION;2;00;06;-0,02;-0,04;-0,04;;
UNIS006;WID;FA;307/10025200;2022-12-30;1;REPA;10985527;Forfait Réparation;1;10000;06;149,00;0;0;|457069|364543;
UNIS001;WID;FA;307/10025201;2022-12-30;1;REPA;ITE-10990488-L;Forfait Réparation;1;10000;06;149,00;0;0;|340946|183767;
UNIS001;WID;FA;307/10025201;2022-12-30;2;REPA;ITE-10990488-R;Forfait Réparation;1;10000;06;149,00;0;0;|346102|184874;
UNIS002;WID;FA;307/10025202;2022-12-30;1;REPA;10985527;Forfait Réparation;1;10000;06;149,00;0;0;|466024|212961;
UNIS002;WID;FA;307/10025202;2022-12-30;2;REPA;10985527;Forfait Réparation;1;10000;06;149,00;0;0;|457049|104779;
UNIS002;WID;FA;307/10025202;2022-12-30;3;REPA;21015731;Forfait Réparation;1;10000;06;149,00;0;0;|0129090|0102797;
UNIS002;WID;FA;307/10025202;2022-12-30;4;REPA;10990736;Forfait écouteur;1;0;06;25,00;0;0;|1811940|0241402;
UNIS002;WID;FA;307/10025202;2022-12-30;5;REPA;10985448;Forfait Réparation;1;10000;06;149,00;0;0;|066840|039649;
UNIS003;WID;FA;307/10025203;2022-12-30;1;REPA;21014295;Forfait Réparation;1;10000;06;149,00;0;0;|1058737|1044496;
UNIS004;WID;FA;307/10025204;2022-12-30;1;REPA;21006767;Forfait Réparation;1;10000;06;149,00;0;0;|0149102|0092254;
UNIS005;WID;FA;307/10025205;2022-12-30;1;REPA;21006767;Forfait Réparation;1;10000;06;149,00;0;0;|0154994|0054480;
