UNIS005;WID;FA;301/10041361;2021-09-30;1;PT;10536616;FREIGHT;1;00;20;9,88;9,88;11,86;;
UNIS005;WID;FA;301/10041361;2021-09-30;2;PD;10983539;REC WIRED S RIC R 2R N.A;3;10000;06;25,00;0;0;|2160933|2160911|2160904;
UNIS005;WID;FA;301/10041361;2021-09-30;3;PD;10983540;REC WIRED S RIC L 2L N.A;3;10000;06;25,00;0;0;|2156505|2162224|2163549;
UNIS005;WID;FA;301/10041361;2021-09-30;4;PD;10983550;REC WIRED M RIC R 3R N.A;3;10000;06;25,00;0;0;|5293389|5293073|5292688;
UNIS005;WID;FA;301/10041361;2021-09-30;5;PD;10983551;REC WIRED M RIC L 3L N.A;3;10000;06;25,00;0;0;|5125445|5154981|5192269;
UNIS005;WID;FA;301/10041361;2021-09-30;6;PD;10990742;REC V.2 P RIC R 1R N.A;2;10000;06;25,00;0;0;|1019509|1019243;
UNIS005;WID;FA;301/10041361;2021-09-30;7;PD;10990743;REC V.2 P RIC L 1L N.A;2;10000;06;25,00;0;0;|0975688|0975687;
UNIS005;WID;FA;301/10041361;2021-09-30;8;PT;10536616;FREIGHT;1;00;20;9,88;9,88;11,86;;
UNIS005;WID;FA;301/10041361;2021-09-30;9;PR;10985488;HA MOMENT MRR2D 440 SLVGR;2;00;06;491,00;982;1036,01;|600007|600027;
UNIS005;WID;FA;301/10041361;2021-09-30;10;GAR;10536516;WARRANTY EXTEND 2 YR-HIGH END;2;10000;06;55,00;0;0;;
UNIS005;WID;FA;301/10041361;2021-09-30;11;ECO;10539532;TAX 2 ENV CONTRIBUTION;2;00;06;0,02;0,04;0,04;;
UNIS005;WID;FA;301/10041361;2021-09-30;12;CHARGEURS;10985618;ACC. MRIC CHARGER WPT1;2;10000;06;129,00;0;0;|2041549|2041979;
UNIS005;WID;FA;301/10041361;2021-09-30;13;PR;10985490;HA MOMENT MRR2D 440 TMGR;2;00;06;491,00;982;1036,01;|556765|556445;
UNIS005;WID;FA;301/10041361;2021-09-30;14;GAR;10536516;WARRANTY EXTEND 2 YR-HIGH END;2;10000;06;55,00;0;0;;
UNIS005;WID;FA;301/10041361;2021-09-30;15;ECO;10539532;TAX 2 ENV CONTRIBUTION;2;00;06;0,02;0,04;0,04;;
UNIS005;WID;FA;301/10041361;2021-09-30;16;PT;10536616;FREIGHT;1;00;20;9,88;9,88;11,86;;
UNIS005;WID;FA;301/10041361;2021-09-30;17;PR;10989658;HA EJY E-PA E22 E 220 TCBLK;2;00;06;195,00;390;411,45;|177006|176956;
UNIS005;WID;FA;301/10041361;2021-09-30;18;GAR;10536516;WARRANTY EXTEND 2 YR-HIGH END;2;10000;06;55,00;0;0;;
UNIS005;WID;FA;301/10041361;2021-09-30;19;ECO;10539532;TAX 2 ENV CONTRIBUTION;2;00;06;0,02;0,04;0,04;;
UNIS005;WID;FA;301/10041361;2021-09-30;20;PR;10989652;HA EJY E-PA E22 E 220 CABRN;1;00;06;195,00;195;205,73;|176029;
UNIS005;WID;FA;301/10041361;2021-09-30;21;GAR;10536516;WARRANTY EXTEND 2 YR-HIGH END;1;10000;06;55,00;0;0;;
UNIS005;WID;FA;301/10041361;2021-09-30;22;ECO;10539532;TAX 2 ENV CONTRIBUTION;1;00;06;0,02;0,02;0,02;;
UNIS005;WID;FA;301/10041361;2021-09-30;23;PT;10536616;FREIGHT;1;10000;20;9,88;0;0;;
UNIS005;WID;FA;301/10041361;2021-09-30;24;PD;10983087;COVER MIC NANO ATBG;2;10000;06;3,90;0;0;;
UNIS005;WID;FA;301/10041361;2021-09-30;25;PD;10983085;COVER MIC NANO SLVGR;4;10000;06;3,90;0;0;;
UNIS005;WID;FA;301/10041361;2021-09-30;26;PT;10536616;FREIGHT;1;00;20;9,88;9,88;11,86;;
UNIS005;WID;FA;301/10041361;2021-09-30;27;PR;10985443;HA MOMENT MRB0 440 SHPK;2;00;06;465,00;930;981,15;|086486|071451;
UNIS005;WID;FA;301/10041361;2021-09-30;28;GAR;10536516;WARRANTY EXTEND 2 YR-HIGH END;2;10000;06;55,00;0;0;;
UNIS005;WID;FA;301/10041361;2021-09-30;29;ECO;10539532;TAX 2 ENV CONTRIBUTION;2;00;06;0,02;0,04;0,04;;
UNIS005;WID;FA;301/10041361;2021-09-30;30;PD;10983537;REC WIRED S RIC R 1R N.A;1;10000;06;25,00;0;0;|2189827;
UNIS005;WID;FA;301/10041361;2021-09-30;31;PD;10983538;REC WIRED S RIC L 1L N.A;1;10000;06;25,00;0;0;|2194831;
UNIS005;WID;FA;301/10041361;2021-09-30;32;PT;10536616;FREIGHT;1;00;20;9,88;9,88;11,86;;
UNIS005;WID;FA;301/10041361;2021-09-30;33;PD;10990732;REC V.2 M RIC L 0L;3;10000;06;25,00;0;0;|0986584|0415535|0359011;
UNIS005;WID;FA;301/10041361;2021-09-30;34;PD;10990734;REC V.2 M RIC L 1L;4;10000;06;25,00;0;0;|0868495|0960669|0959495|0892094;
UNIS005;WID;FA;301/10041361;2021-09-30;35;PD;10990736;REC V.2 M RIC L 2L;4;10000;06;25,00;0;0;|0930287|0933151|0951819|0932295;
UNIS005;WID;FA;301/10041361;2021-09-30;36;PD;10990740;REC V.2 M RIC L 4L;3;10000;06;25,00;0;0;|0771172|0391321|0391322;
UNIS005;WID;FA;301/10041361;2021-09-30;37;PD;10990733;REC V.2 M RIC R 1R;4;10000;06;25,00;0;0;|0817923|0826345|0940141|0899058;
UNIS005;WID;FA;301/10041361;2021-09-30;38;PD;10990735;REC V.2 M RIC R 2R;4;10000;06;25,00;0;0;|0978177|0967407|0977344|0976578;
UNIS005;WID;FA;301/10041361;2021-09-30;39;PD;10990738;REC V.2 M RIC L 3L;1;10000;06;25,00;0;0;|0827962;
UNIS005;WID;FA;301/10041361;2021-09-30;40;PD;10990737;REC V.2 M RIC R 3R;1;10000;06;25,00;0;0;|0841209;
UNIS005;WID;FA;301/10041361;2021-09-30;41;PD;10990739;REC V.2 M RIC R 4R;3;10000;06;25,00;0;0;|0779495|0779494|0779493;
UNIS005;WID;FA;301/10041361;2021-09-30;42;PD;10990751;REC V.2 P RIC R 0R N.A;1;10000;06;25,00;0;0;|0156029;
UNIS005;WID;FA;301/10041361;2021-09-30;43;PD;10990741;REC V.2 P RIC L 0L N.A;1;10000;06;25,00;0;0;|0184331;
UNIS005;WID;FA;301/10041361;2021-09-30;44;PD;10983537;REC WIRED S RIC R 1R N.A;1;10000;06;25,00;0;0;|2191537;
UNIS005;WID;FA;301/10041361;2021-09-30;45;PD;10983538;REC WIRED S RIC L 1L N.A;1;10000;06;25,00;0;0;|2167146;
UNIS004;WID;FA;301/10041362;2021-09-30;1;PT;10536616;FREIGHT;1;10000;20;9,88;0;0;;
UNIS004;WID;FA;301/10041362;2021-09-30;2;TEL;10985597;ACC. TV-DEX W Power;1;10000;06;179,00;0;0;|316829_274310;
UNIS004;WID;FA;301/10041362;2021-09-30;3;ECO;10539538;TAX 8 ENV CONTRIBUTION;1;10000;06;0,11;0;0;;
UNIS004;WID;FA;301/10041362;2021-09-30;4;TEL;10985616;ACC. TV PLAY KIT LANG PACK 1;1;10000;06;179,00;0;0;|065583;
UNIS004;WID;FA;301/10041362;2021-09-30;5;PT;10536616;FREIGHT;1;00;20;9,88;9,88;11,86;;
UNIS004;WID;FA;301/10041362;2021-09-30;6;PR;10989659;HA EJY E-PA E22 E 220 SLVGR;2;00;06;195,00;390;411,45;|157765|157660;
UNIS004;WID;FA;301/10041362;2021-09-30;7;GAR;10536516;WARRANTY EXTEND 2 YR-HIGH END;2;10000;06;55,00;0;0;;
UNIS004;WID;FA;301/10041362;2021-09-30;8;ECO;10539532;TAX 2 ENV CONTRIBUTION;2;00;06;0,02;0,04;0,04;;
UNIS004;WID;FA;301/10041362;2021-09-30;9;PR;10973061;HA EJY E-FS-T 220 SLVGR;2;00;06;195,00;390;411,45;|354944|352836;
UNIS004;WID;FA;301/10041362;2021-09-30;10;GAR;10536516;WARRANTY EXTEND 2 YR-HIGH END;2;10000;06;55,00;0;0;;
UNIS004;WID;FA;301/10041362;2021-09-30;11;ECO;10539532;TAX 2 ENV CONTRIBUTION;2;00;06;0,02;0,04;0,04;;
UNIS004;WID;FA;301/10041362;2021-09-30;12;PD;10971331;HSG UPPER NANO WISLV;4;10000;06;11,00;0;0;;
UNIS004;WID;FA;301/10041362;2021-09-30;13;PD;10971342;HSG UPPER NANO TMGR;4;10000;06;11,00;0;0;;
UNIS004;WID;FA;301/10041362;2021-09-30;14;PD;10971340;HSG UPPER NANO TCBLK;4;10000;06;11,00;0;0;;
UNIS004;WID;FA;301/10041362;2021-09-30;15;PD;10971330;HSG UPPER NANO CABRN;4;10000;06;11,00;0;0;;
UNIS004;WID;FA;301/10041362;2021-09-30;16;PD;10971343;HSG UPPER NANO ATBG;4;10000;06;11,00;0;0;;
UNIS004;WID;FA;301/10041362;2021-09-30;17;PD;10971328;HSG UPPER NANO SGLD;4;10000;06;11,00;0;0;;
UNIS004;WID;FA;301/10041362;2021-09-30;18;PD;10971338;HSG UPPER NANO TANS;4;10000;06;11,00;0;0;;
UNIS004;WID;FA;301/10041362;2021-09-30;19;PD;10971335;HSG UPPER NANO SRED;4;10000;06;11,00;0;0;;
UNIS004;WID;FA;301/10041362;2021-09-30;20;PD;10971308;BTY DRAWER FS, NANO COATED GR4;4;10000;06;7,50;0;0;;
UNIS004;WID;FA;301/10041362;2021-09-30;21;PD;10971305;BTY DRAWER FS, NANO COATED BLK;4;10000;06;7,50;0;0;;
UNIS004;WID;FA;301/10041362;2021-09-30;22;PD;10971304;BTY DRAWER FS, NANO COATED BRN;4;10000;06;2,10;0;0;;
UNIS004;WID;FA;301/10041362;2021-09-30;23;PT;10536616;FREIGHT;1;10000;20;9,88;0;0;;
UNIS004;WID;FA;301/10041362;2021-09-30;24;PR;10973061;HA EJY E-FS-T 220 SLVGR;2;00;06;195,00;390;411,45;|350981|352614;
UNIS004;WID;FA;301/10041362;2021-09-30;25;GAR;10536516;WARRANTY EXTEND 2 YR-HIGH END;2;10000;06;55,00;0;0;;
UNIS004;WID;FA;301/10041362;2021-09-30;26;ECO;10539532;TAX 2 ENV CONTRIBUTION;2;00;06;0,02;0,04;0,04;;
UNIS004;WID;FA;301/10041362;2021-09-30;27;PT;10536616;FREIGHT;1;10000;20;9,88;0;0;;
UNIS004;WID;FA;301/10041362;2021-09-30;28;PD;10990735;REC V.2 M RIC R 2R;4;10000;06;25,00;0;0;|0930057|0930481|0662387|0918080;
UNIS004;WID;FA;301/10041362;2021-09-30;29;PD;10990736;REC V.2 M RIC L 2L;4;10000;06;25,00;0;0;|0887088|0887087|0887083|0887089;
UNIS004;WID;FA;301/10041362;2021-09-30;30;PD;10983551;REC WIRED M RIC L 3L N.A;4;10000;06;25,00;0;0;|5186976|5279146|5203032|5204254;
UNIS004;WID;FA;301/10041362;2021-09-30;31;PD;10983550;REC WIRED M RIC R 3R N.A;1;10000;06;25,00;0;0;|5187662;
UNIS004;WID;FA;301/10041362;2021-09-30;32;PD;10983545;REC WIRED M RIC R 0R N.A;4;10000;06;25,00;0;0;|5145746|5145412|5145846|5010636;
UNIS004;WID;FA;301/10041362;2021-09-30;33;PD;10983546;REC WIRED M RIC L 0L N.A;4;10000;06;25,00;0;0;|4984072|5136475|4983979|4983712;
UNIS004;WID;FA;301/10041362;2021-09-30;34;PD;10978857;WAXGUARD SET NANOCARE;30;2500;06;3,88;87,3;92,1;;
UNIS004;WID;FA;301/10041362;2021-09-30;35;PD;10983715;INSTANT ROUND EARTIP S TWO VEN;3;10000;06;10,00;0;0;;
UNIS004;WID;FA;301/10041362;2021-09-30;36;PD;10982907;HSG TOP NANO HNBL;4;10000;06;11,95;0;0;;
UNIS004;WID;FA;301/10041362;2021-09-30;37;PD;10982917;HSG BTM NANO HNBL;4;10000;06;11,00;0;0;;
UNIS004;WID;FA;301/10041362;2021-09-30;38;PD;10983320;GASKET AUD PROG KEY NANO HNY;4;10000;06;4,05;0;0;;
UNIS004;WID;FA;301/10041362;2021-09-30;39;PD;10982912;HSG TOP NANO GBRN;4;10000;06;11,95;0;0;;
UNIS004;WID;FA;301/10041362;2021-09-30;40;PD;10982922;HSG BTM NANO GBRN;4;10000;06;11,00;0;0;;
UNIS004;WID;FA;301/10041362;2021-09-30;41;PD;10983321;GASKET AUD PROG KEY NANO GLDN;4;10000;06;4,05;0;0;;
UNIS004;WID;FA;301/10041362;2021-09-30;42;PT;10536616;FREIGHT;1;00;20;9,88;9,88;11,86;;
UNIS004;WID;FA;301/10041362;2021-09-30;43;PR;ITE-21003401-L;MO M-CIC-M 440  CIC;1;5893;06;465,00;190,93;201,43;|199242;
UNIS004;WID;FA;301/10041362;2021-09-30;44;GAR;10536516;WARRANTY EXTEND 2 YR-HIGH END;1;10000;06;55,00;0;0;;
UNIS004;WID;FA;301/10041362;2021-09-30;45;ECO;10539532;TAX 2 ENV CONTRIBUTION;1;00;06;0,02;0,02;0,02;;
UNIS004;WID;FA;301/10041362;2021-09-30;46;AC;10240037;FEE SHELL FOR ITE;1;1666;06;60,00;50;52,75;;
UNIS004;WID;FA;301/10041362;2021-09-30;47;PR;ITE-21003401-R;MO M-CIC-M 440  CIC;1;5893;06;465,00;190,93;201,43;|199216;
UNIS004;WID;FA;301/10041362;2021-09-30;48;GAR;10536516;WARRANTY EXTEND 2 YR-HIGH END;1;10000;06;55,00;0;0;;
UNIS004;WID;FA;301/10041362;2021-09-30;49;ECO;10539532;TAX 2 ENV CONTRIBUTION;1;00;06;0,02;0,02;0,02;;
UNIS004;WID;FA;301/10041362;2021-09-30;50;AC;10240037;FEE SHELL FOR ITE;1;1666;06;60,00;50;52,75;;
UNIS004;WID;FA;301/10041362;2021-09-30;51;PT;10536616;FREIGHT;1;00;20;9,88;9,88;11,86;;
UNIS004;WID;FA;301/10041362;2021-09-30;52;PR;10985513;HA MOMENT MRB2D 330 TCBLK;2;00;06;412,00;824;869,32;|248794|211238;
UNIS004;WID;FA;301/10041362;2021-09-30;53;GAR;10536516;WARRANTY EXTEND 2 YR-HIGH END;2;10000;06;55,00;0;0;;
UNIS004;WID;FA;301/10041362;2021-09-30;54;ECO;10539532;TAX 2 ENV CONTRIBUTION;2;00;06;0,02;0,04;0,04;;
UNIS002;WID;FA;301/10041363;2021-09-30;1;PT;10536616;FREIGHT;1;10000;20;9,88;0;0;;
UNIS002;WID;FA;301/10041363;2021-09-30;2;PD;10985695;ACC. PROG CORD CONN CIC LINK;1;10000;06;34,10;0;0;;
UNIS002;WID;FA;301/10041363;2021-09-30;3;PT;10536616;FREIGHT;1;00;20;9,88;9,88;11,86;;
UNIS002;WID;FA;301/10041363;2021-09-30;4;PD;10983706;PKG INSTANT TULIP EARTIP L 10;2;10000;06;10,00;0;0;;
UNIS002;WID;FA;301/10041363;2021-09-30;5;PD;10977927;REC WIRED M RIC R 2R N.A;2;10000;06;25,00;0;0;|5196396|5258904;
UNIS002;WID;FA;301/10041363;2021-09-30;6;PD;10983540;REC WIRED S RIC L 2L N.A;2;10000;06;25,00;0;0;|2172064|2172138;
UNIS002;WID;FA;301/10041363;2021-09-30;7;PT;10536616;FREIGHT;1;00;20;9,88;9,88;11,86;;
UNIS002;WID;FA;301/10041363;2021-09-30;8;PR;10989659;HA EJY E-PA E22 E 220 SLVGR;4;00;06;195,00;780;822,9;|157530|157550|157610|157755;
UNIS002;WID;FA;301/10041363;2021-09-30;9;GAR;10536516;WARRANTY EXTEND 2 YR-HIGH END;4;10000;06;55,00;0;0;;
UNIS002;WID;FA;301/10041363;2021-09-30;10;ECO;10539532;TAX 2 ENV CONTRIBUTION;4;00;06;0,02;0,08;0,08;;
UNIS002;WID;FA;301/10041363;2021-09-30;11;PR;21002782;HA MOM MBB3D 440 HNBL;2;00;06;491,00;982;1036,01;|1031178|1031182;
UNIS002;WID;FA;301/10041363;2021-09-30;12;GAR;10536516;WARRANTY EXTEND 2 YR-HIGH END;2;10000;06;55,00;0;0;;
UNIS002;WID;FA;301/10041363;2021-09-30;13;ECO;10539532;TAX 2 ENV CONTRIBUTION;2;00;06;0,02;0,04;0,04;;
UNIS002;WID;FA;301/10041363;2021-09-30;14;PD;10983705;PKG INSTANT TULIP EARTIP M 10;1;10000;06;10,00;0;0;;
UNIS002;WID;FA;301/10041363;2021-09-30;15;PD;10983706;PKG INSTANT TULIP EARTIP L 10;1;10000;06;10,00;0;0;;
UNIS002;WID;FA;301/10041363;2021-09-30;16;PD;10983552;REC WIRED M RIC R 4R N.A;1;10000;06;25,00;0;0;|5156336;
UNIS002;WID;FA;301/10041363;2021-09-30;17;PD;10983553;REC WIRED M RIC L 4L N.A;1;10000;06;25,00;0;0;|5121402;
UNIS002;WID;FA;301/10041363;2021-09-30;18;PD;10983738;ACC. ANCHOR FOR RIC PACK OF 20;1;00;06;10,00;10;10,55;;
UNIS002;WID;FA;301/10041363;2021-09-30;19;PT;10536616;FREIGHT;1;00;20;9,88;9,88;11,86;;
UNIS002;WID;FA;301/10041363;2021-09-30;20;PR;10985484;HA MOMENT MRR2D 440 HNBL;2;00;06;491,00;982;1036,01;|545790|512569;
UNIS002;WID;FA;301/10041363;2021-09-30;21;GAR;10536516;WARRANTY EXTEND 2 YR-HIGH END;2;10000;06;55,00;0;0;;
UNIS002;WID;FA;301/10041363;2021-09-30;22;ECO;10539532;TAX 2 ENV CONTRIBUTION;2;00;06;0,02;0,04;0,04;;
UNIS002;WID;FA;301/10041363;2021-09-30;23;PT;10536616;FREIGHT;1;00;20;9,88;9,88;11,86;;
UNIS002;WID;FA;301/10041363;2021-09-30;24;PR;10985526;HA MOMENT MRB2D 440 TCBLK;1;00;06;491,00;491;518,01;|270595;
UNIS002;WID;FA;301/10041363;2021-09-30;25;GAR;10536516;WARRANTY EXTEND 2 YR-HIGH END;1;10000;06;55,00;0;0;;
UNIS002;WID;FA;301/10041363;2021-09-30;26;ECO;10539532;TAX 2 ENV CONTRIBUTION;1;00;06;0,02;0,02;0,02;;
UNIS002;WID;FA;301/10041363;2021-09-30;27;CHARGEURS;21006767;ACC. MRIC CHARGE WPC101 TYP C;2;00;06;105,00;210;221,55;|0021704|0021696;
UNIS002;WID;FA;301/10041363;2021-09-30;28;PD;10983738;ACC. ANCHOR FOR RIC PACK OF 20;1;00;06;10,00;10;10,55;;
UNIS002;WID;FA;301/10041363;2021-09-30;29;PD;10993916;PKG ANCHOR V.2 RICTHINTUBE;2;00;06;5,00;10;10,55;;
UNIS002;WID;FA;301/10041363;2021-09-30;30;PT;10536616;FREIGHT;1;00;20;9,88;9,88;11,86;;
UNIS002;WID;FA;301/10041363;2021-09-30;31;AC;10984200;ACC. PERFECTDRY LUX EU;10;5000;20;59,00;295;354;|2000047649|2000047535|2000047688|2000047703|2000047653|2000047705|2000047706|2000047692|2000047514|2000047655;
UNIS001;WID;FA;301/10041364;2021-09-30;1;PT;10536616;FREIGHT;1;00;20;9,88;9,88;11,86;;
UNIS001;WID;FA;301/10041364;2021-09-30;2;PR;10989658;HA EJY E-PA E22 E 220 TCBLK;2;00;06;195,00;390;411,45;|171952|171982;
UNIS001;WID;FA;301/10041364;2021-09-30;3;GAR;10536516;WARRANTY EXTEND 2 YR-HIGH END;2;10000;06;55,00;0;0;;
UNIS001;WID;FA;301/10041364;2021-09-30;4;ECO;10539532;TAX 2 ENV CONTRIBUTION;2;00;06;0,02;0,04;0,04;;
UNIS001;WID;FA;301/10041364;2021-09-30;5;CHARGEURS;21006767;ACC. MRIC CHARGE WPC101 TYP C;3;00;06;105,00;315;332,33;|0032641|0031382|0032697;
UNIS001;WID;FA;301/10041364;2021-09-30;6;PT;10536616;FREIGHT;1;00;20;9,88;9,88;11,86;;
UNIS001;WID;FA;301/10041364;2021-09-30;7;PR;10989659;HA EJY E-PA E22 E 220 SLVGR;2;00;06;195,00;390;411,45;|167414|167524;
UNIS001;WID;FA;301/10041364;2021-09-30;8;GAR;10536516;WARRANTY EXTEND 2 YR-HIGH END;2;10000;06;55,00;0;0;;
UNIS001;WID;FA;301/10041364;2021-09-30;9;ECO;10539532;TAX 2 ENV CONTRIBUTION;2;00;06;0,02;0,04;0,04;;
UNIS001;WID;FA;301/10041364;2021-09-30;10;PR;10989658;HA EJY E-PA E22 E 220 TCBLK;2;00;06;195,00;390;411,45;|171932|171651;
UNIS001;WID;FA;301/10041364;2021-09-30;11;GAR;10536516;WARRANTY EXTEND 2 YR-HIGH END;2;10000;06;55,00;0;0;;
UNIS001;WID;FA;301/10041364;2021-09-30;12;ECO;10539532;TAX 2 ENV CONTRIBUTION;2;00;06;0,02;0,04;0,04;;
UNIS001;WID;FA;301/10041364;2021-09-30;13;PD;10983703;PKG INSTANT OPEN EARTIP S 10;10;10000;06;10,00;0;0;;
UNIS001;WID;FA;301/10041364;2021-09-30;14;PT;10536616;FREIGHT;1;00;20;9,88;9,88;11,86;;
UNIS001;WID;FA;301/10041364;2021-09-30;15;PD;10982790;HSG UPPER NANO CABRN;2;10000;06;11,00;0;0;;
UNIS001;WID;FA;301/10041364;2021-09-30;16;PD;10982849;HSG LOWER PA NANO BRN3;2;10000;06;7,28;0;0;;
UNIS001;WID;FA;301/10041364;2021-09-30;17;PD;10982658;BTY DRAWER PA RB0 NANO BRN3;2;10000;06;7,50;0;0;;
UNIS001;WID;FA;301/10041364;2021-09-30;18;PD;10983085;COVER MIC NANO SLVGR;2;10000;06;3,90;0;0;;
UNIS001;WID;FA;301/10041364;2021-09-30;19;PT;10536616;FREIGHT;1;00;20;9,88;9,88;11,86;;
UNIS001;WID;FA;301/10041364;2021-09-30;20;PR;ITE-21003400-L;MO M-CIC-M 330  CIC;1;5803;06;385,00;161,55;170,44;|302671;
UNIS001;WID;FA;301/10041364;2021-09-30;21;GAR;10536516;WARRANTY EXTEND 2 YR-HIGH END;1;10000;06;55,00;0;0;;
UNIS001;WID;FA;301/10041364;2021-09-30;22;ECO;10539532;TAX 2 ENV CONTRIBUTION;1;00;06;0,02;0,02;0,02;;
UNIS001;WID;FA;301/10041364;2021-09-30;23;AC;10240037;FEE SHELL FOR ITE;1;1666;06;60,00;50;52,75;;
UNIS001;WID;FA;301/10041364;2021-09-30;24;PR;ITE-21003400-R;MO M-CIC-M 330  CIC;1;5803;06;385,00;161,55;170,44;|189735;
UNIS001;WID;FA;301/10041364;2021-09-30;25;GAR;10536516;WARRANTY EXTEND 2 YR-HIGH END;1;10000;06;55,00;0;0;;
UNIS001;WID;FA;301/10041364;2021-09-30;26;ECO;10539532;TAX 2 ENV CONTRIBUTION;1;00;06;0,02;0,02;0,02;;
UNIS001;WID;FA;301/10041364;2021-09-30;27;AC;10240037;FEE SHELL FOR ITE;1;1666;06;60,00;50;52,75;;
UNIS001;WID;FA;301/10041364;2021-09-30;28;PT;10536616;FREIGHT;1;00;20;9,88;9,88;11,86;;
UNIS001;WID;FA;301/10041364;2021-09-30;29;PD;10990750;REC V.2 M RIC R 0R;5;10000;06;25,00;0;0;|0987997|0987993|0987987|0987999|0987991;
UNIS001;WID;FA;301/10041364;2021-09-30;30;PD;10990733;REC V.2 M RIC R 1R;5;10000;06;25,00;0;0;|0727840|0825849|0733381|0618968|0879394;
UNIS001;WID;FA;301/10041364;2021-09-30;31;PD;10990735;REC V.2 M RIC R 2R;5;10000;06;25,00;0;0;|0928302|0893794|0893687|0929514|0883697;
UNIS001;WID;FA;301/10041364;2021-09-30;32;PD;10990737;REC V.2 M RIC R 3R;5;10000;06;25,00;0;0;|0394693|0340950|0909031|0525690|0909911;
UNIS001;WID;FA;301/10041364;2021-09-30;33;PD;10990736;REC V.2 M RIC L 2L;5;10000;06;25,00;0;0;|0924068|0938453|0924009|0938085|0924063;
UNIS001;WID;FA;301/10041364;2021-09-30;34;PD;10990738;REC V.2 M RIC L 3L;5;10000;06;25,00;0;0;|0868073|0829119|0776789|0418686|0785061;
UNIS001;WID;FA;301/10041364;2021-09-30;35;PD;10990732;REC V.2 M RIC L 0L;5;10000;06;25,00;0;0;|0988058|0984837|0988057|0984585|0358608;
UNIS001;WID;FA;301/10041364;2021-09-30;36;PD;10990734;REC V.2 M RIC L 1L;5;10000;06;25,00;0;0;|0881852|0872126|0872108|0876791|0872092;
UNIS001;WID;FA;301/10041364;2021-09-30;37;PR;10989662;HA EJY E-PA E22 E 220 DEBLU;2;00;06;195,00;390;411,45;|156926|156916;
UNIS001;WID;FA;301/10041364;2021-09-30;38;GAR;10536516;WARRANTY EXTEND 2 YR-HIGH END;2;10000;06;55,00;0;0;;
UNIS001;WID;FA;301/10041364;2021-09-30;39;ECO;10539532;TAX 2 ENV CONTRIBUTION;2;00;06;0,02;0,04;0,04;;
UNIS001;WID;FA;301/10041364;2021-09-30;40;PR;10989659;HA EJY E-PA E22 E 220 SLVGR;4;00;06;195,00;780;822,9;|157495|157785|157415|157575;
UNIS001;WID;FA;301/10041364;2021-09-30;41;GAR;10536516;WARRANTY EXTEND 2 YR-HIGH END;4;10000;06;55,00;0;0;;
UNIS001;WID;FA;301/10041364;2021-09-30;42;ECO;10539532;TAX 2 ENV CONTRIBUTION;4;00;06;0,02;0,08;0,08;;
UNIS001;WID;FA;301/10041364;2021-09-30;43;PR;10984997;HA EVK ERB0 440 SLVGR;2;00;06;465,00;930;981,15;|090602|090612;
UNIS001;WID;FA;301/10041364;2021-09-30;44;GAR;10536516;WARRANTY EXTEND 2 YR-HIGH END;2;10000;06;55,00;0;0;;
UNIS001;WID;FA;301/10041364;2021-09-30;45;ECO;10539532;TAX 2 ENV CONTRIBUTION;2;00;06;0,02;0,04;0,04;;
UNIS001;WID;FA;301/10041364;2021-09-30;46;PD;10983537;REC WIRED S RIC R 1R N.A;4;10000;06;25,00;0;0;|2174887|2174867|2174858|2137826;
UNIS001;WID;FA;301/10041364;2021-09-30;47;PD;10983538;REC WIRED S RIC L 1L N.A;4;10000;06;25,00;0;0;|2174462|2173989|2173770|2148575;
UNIS001;WID;FA;301/10041364;2021-09-30;48;PT;10536616;FREIGHT;1;00;20;9,88;9,88;11,86;;
UNIS001;WID;FA;301/10041364;2021-09-30;49;PR;ITE-10990488-L;MOMNT M-CIC 440 CIC;1;5893;06;465,00;190,93;201,43;|303481;
UNIS001;WID;FA;301/10041364;2021-09-30;50;GAR;10536516;WARRANTY EXTEND 2 YR-HIGH END;1;10000;06;55,00;0;0;;
UNIS001;WID;FA;301/10041364;2021-09-30;51;ECO;10539532;TAX 2 ENV CONTRIBUTION;1;00;06;0,02;0,02;0,02;;
UNIS001;WID;FA;301/10041364;2021-09-30;52;AC;10240037;FEE SHELL FOR ITE;1;1666;06;60,00;50;52,75;;
UNIS001;WID;FA;301/10041364;2021-09-30;53;PR;ITE-10990488-R;MOMNT M-CIC 440 CIC;1;5893;06;465,00;190,93;201,43;|303469;
UNIS001;WID;FA;301/10041364;2021-09-30;54;GAR;10536516;WARRANTY EXTEND 2 YR-HIGH END;1;10000;06;55,00;0;0;;
UNIS001;WID;FA;301/10041364;2021-09-30;55;ECO;10539532;TAX 2 ENV CONTRIBUTION;1;00;06;0,02;0,02;0,02;;
UNIS001;WID;FA;301/10041364;2021-09-30;56;AC;10240037;FEE SHELL FOR ITE;1;1666;06;60,00;50;52,75;;
UNIS001;WID;FA;301/10041364;2021-09-30;57;PT;10536616;FREIGHT;1;00;20;9,88;9,88;11,86;;
UNIS001;WID;FA;301/10041364;2021-09-30;58;CHARGEURS;10985618;ACC. MRIC CHARGER WPT1;4;10000;06;129,00;0;0;|2042007|2042017|2042008|2042014;
UNIS001;WID;FA;301/10041364;2021-09-30;59;PT;10536616;FREIGHT;1;00;20;9,88;9,88;11,86;;
UNIS001;WID;FA;301/10041364;2021-09-30;60;PD;10983550;REC WIRED M RIC R 3R N.A;6;10000;06;25,00;0;0;|5264263|5263928|5028970|5249461|5231709|5115509;
UNIS001;WID;FA;301/10041364;2021-09-30;61;PD;10983551;REC WIRED M RIC L 3L N.A;6;10000;06;25,00;0;0;|5219344|5268639|5053468|5057932|5267474|5141186;
UNIS001;WID;FA;301/10041364;2021-09-30;62;AC;10984200;ACC. PERFECTDRY LUX EU;4;5000;20;59,00;118;141,6;|2000047507|2000047501|2000047489|2000047661;
UNIS001;WID;FA;301/10041364;2021-09-30;63;PT;10536616;FREIGHT;1;00;20;9,88;9,88;11,86;;
UNIS001;WID;FA;301/10041364;2021-09-30;64;PR;10973061;HA EJY E-FS-T 220 SLVGR;2;00;06;195,00;390;411,45;|349824|349704;
UNIS001;WID;FA;301/10041364;2021-09-30;65;GAR;10536516;WARRANTY EXTEND 2 YR-HIGH END;2;10000;06;55,00;0;0;;
UNIS001;WID;FA;301/10041364;2021-09-30;66;ECO;10539532;TAX 2 ENV CONTRIBUTION;2;00;06;0,02;0,04;0,04;;
UNIS001;WID;FA;301/10041364;2021-09-30;67;PR;10973062;HA EJY E-FS-T 220 TMGR;2;00;06;195,00;390;411,45;|350733|352091;
UNIS001;WID;FA;301/10041364;2021-09-30;68;GAR;10536516;WARRANTY EXTEND 2 YR-HIGH END;2;10000;06;55,00;0;0;;
UNIS001;WID;FA;301/10041364;2021-09-30;69;ECO;10539532;TAX 2 ENV CONTRIBUTION;2;00;06;0,02;0,04;0,04;;
UNIS001;WID;FA;301/10041364;2021-09-30;70;PR;10973061;HA EJY E-FS-T 220 SLVGR;2;00;06;195,00;390;411,45;|349954|349974;
UNIS001;WID;FA;301/10041364;2021-09-30;71;GAR;10536516;WARRANTY EXTEND 2 YR-HIGH END;2;10000;06;55,00;0;0;;
UNIS001;WID;FA;301/10041364;2021-09-30;72;ECO;10539532;TAX 2 ENV CONTRIBUTION;2;00;06;0,02;0,04;0,04;;
UNIS001;WID;FA;301/10041364;2021-09-30;73;PR;10973060;HA EJY E-FS-T 220 TCBLK;2;00;06;195,00;390;411,45;|352862|352732;
UNIS001;WID;FA;301/10041364;2021-09-30;74;GAR;10536516;WARRANTY EXTEND 2 YR-HIGH END;2;10000;06;55,00;0;0;;
UNIS001;WID;FA;301/10041364;2021-09-30;75;ECO;10539532;TAX 2 ENV CONTRIBUTION;2;00;06;0,02;0,04;0,04;;
UNIS001;WID;FA;301/10041364;2021-09-30;76;PR;10989659;HA EJY E-PA E22 E 220 SLVGR;3;00;06;195,00;585;617,18;|176172|176023|176043;
UNIS001;WID;FA;301/10041364;2021-09-30;77;GAR;10536516;WARRANTY EXTEND 2 YR-HIGH END;3;10000;06;55,00;0;0;;
UNIS001;WID;FA;301/10041364;2021-09-30;78;ECO;10539532;TAX 2 ENV CONTRIBUTION;3;00;06;0,02;0,06;0,06;;
UNIS001;WID;FA;301/10041364;2021-09-30;79;PR;10985527;HA MOMENT MRB2D 440 SLVGR;2;00;06;491,00;982;1036,01;|248119|205832;
UNIS001;WID;FA;301/10041364;2021-09-30;80;GAR;10536516;WARRANTY EXTEND 2 YR-HIGH END;2;10000;06;55,00;0;0;;
UNIS001;WID;FA;301/10041364;2021-09-30;81;ECO;10539532;TAX 2 ENV CONTRIBUTION;2;00;06;0,02;0,04;0,04;;
UNIS001;WID;FA;301/10041364;2021-09-30;82;PD;10983706;PKG INSTANT TULIP EARTIP L 10;6;10000;06;10,00;0;0;;
UNIS001;WID;FA;301/10041364;2021-09-30;83;PD;10983705;PKG INSTANT TULIP EARTIP M 10;6;10000;06;10,00;0;0;;
UNIS001;WID;FA;301/10041364;2021-09-30;84;PD;10983685;ACC. DOUBLE EARTIP M 10PCS;4;10000;06;10,00;0;0;;
UNIS001;WID;FA;301/10041364;2021-09-30;85;PT;10536616;FREIGHT;1;00;20;9,88;9,88;11,86;;
UNIS001;WID;FA;301/10041364;2021-09-30;86;PR;10984997;HA EVK ERB0 440 SLVGR;1;00;06;465,00;465;490,58;|099223;
UNIS001;WID;FA;301/10041364;2021-09-30;87;GAR;10536516;WARRANTY EXTEND 2 YR-HIGH END;1;10000;06;55,00;0;0;;
UNIS001;WID;FA;301/10041364;2021-09-30;88;ECO;10539532;TAX 2 ENV CONTRIBUTION;1;00;06;0,02;0,02;0,02;;
UNIS001;WID;FA;301/10041364;2021-09-30;89;PT;10536616;FREIGHT;1;00;20;9,88;9,88;11,86;;
UNIS001;WID;FA;301/10041364;2021-09-30;90;PR;10985488;HA MOMENT MRR2D 440 SLVGR;2;00;06;491,00;982;1036,01;|599897|660444;
UNIS001;WID;FA;301/10041364;2021-09-30;91;GAR;10536516;WARRANTY EXTEND 2 YR-HIGH END;2;10000;06;55,00;0;0;;
UNIS001;WID;FA;301/10041364;2021-09-30;92;ECO;10539532;TAX 2 ENV CONTRIBUTION;2;00;06;0,02;0,04;0,04;;
UNIS001;WID;FA;301/10041364;2021-09-30;93;PT;10536616;FREIGHT;1;00;20;9,88;9,88;11,86;;
UNIS001;WID;FA;301/10041364;2021-09-30;94;PR;10985491;HA MOMENT MRR2D 440 ATBG;2;00;06;491,00;982;1036,01;|545595|545465;
UNIS001;WID;FA;301/10041364;2021-09-30;95;GAR;10536516;WARRANTY EXTEND 2 YR-HIGH END;2;10000;06;55,00;0;0;;
UNIS001;WID;FA;301/10041364;2021-09-30;96;ECO;10539532;TAX 2 ENV CONTRIBUTION;2;00;06;0,02;0,04;0,04;;
UNIS001;WID;FA;301/10041364;2021-09-30;97;PR;10985489;HA MOMENT MRR2D 440 GBRN;2;00;06;491,00;982;1036,01;|664377|664137;
UNIS001;WID;FA;301/10041364;2021-09-30;98;GAR;10536516;WARRANTY EXTEND 2 YR-HIGH END;2;10000;06;55,00;0;0;;
UNIS001;WID;FA;301/10041364;2021-09-30;99;ECO;10539532;TAX 2 ENV CONTRIBUTION;2;00;06;0,02;0,04;0,04;;
UNIS001;WID;FA;301/10041364;2021-09-30;100;PD;10978857;WAXGUARD SET NANOCARE;50;2500;06;3,88;145,5;153,5;;
UNIS001;WID;FA;301/10041364;2021-09-30;101;PT;10536616;FREIGHT;1;00;20;9,88;9,88;11,86;;
UNIS001;WID;FA;301/10041364;2021-09-30;102;PR;10985523;HA MOMENT MRB2D 440 HNBL;2;00;06;491,00;982;1036,01;|248377|212213;
UNIS001;WID;FA;301/10041364;2021-09-30;103;GAR;10536516;WARRANTY EXTEND 2 YR-HIGH END;2;10000;06;55,00;0;0;;
UNIS001;WID;FA;301/10041364;2021-09-30;104;ECO;10539532;TAX 2 ENV CONTRIBUTION;2;00;06;0,02;0,04;0,04;;
UNIS001;WID;FA;301/10041364;2021-09-30;105;PT;10536616;FREIGHT;1;00;20;9,88;9,88;11,86;;
UNIS001;WID;FA;301/10041364;2021-09-30;106;AC;10984200;ACC. PERFECTDRY LUX EU;4;5000;20;59,00;118;141,6;|2000047526|2000047512|2000047517|2000047523;
UNIS001;WID;FA;301/10041364;2021-09-30;107;PT;10536616;FREIGHT;1;00;20;9,88;9,88;11,86;;
UNIS001;WID;FA;301/10041364;2021-09-30;108;TEL;10985616;ACC. TV PLAY KIT LANG PACK 1;1;2000;06;179,00;143,2;151,08;|060498;
UNIS001;WID;FA;301/10041364;2021-09-30;109;TEL;10985596;ACC. RC-DEX WITH SWITCH DXSLV;1;2000;06;79,00;63,2;66,68;|1016180;
UNIS001;WID;FA;301/10041364;2021-09-30;110;ECO;10539532;TAX 2 ENV CONTRIBUTION;1;00;06;0,02;0,02;0,02;;
UNIS001;WID;FA;301/10041364;2021-09-30;111;TEL;10985597;ACC. TV-DEX W Power;1;2000;06;179,00;143,2;151,08;|316805_275468;
UNIS001;WID;FA;301/10041364;2021-09-30;112;ECO;10539538;TAX 8 ENV CONTRIBUTION;1;00;06;0,11;0,11;0,12;;
UNIS001;WID;FA;301/10041364;2021-09-30;113;PT;10536616;FREIGHT;1;00;20;9,88;9,88;11,86;;
UNIS001;WID;FA;301/10041364;2021-09-30;114;PR;ITE-21003401-L;MO M-CIC-M 440  CIC;1;5893;06;465,00;190,93;201,43;|196575;
UNIS001;WID;FA;301/10041364;2021-09-30;115;GAR;10536516;WARRANTY EXTEND 2 YR-HIGH END;1;10000;06;55,00;0;0;;
UNIS001;WID;FA;301/10041364;2021-09-30;116;ECO;10539532;TAX 2 ENV CONTRIBUTION;1;00;06;0,02;0,02;0,02;;
UNIS001;WID;FA;301/10041364;2021-09-30;117;AC;10240037;FEE SHELL FOR ITE;1;1666;06;60,00;50;52,75;;
UNIS001;WID;FA;301/10041364;2021-09-30;118;PR;ITE-21003401-R;MO M-CIC-M 440  CIC;1;5893;06;465,00;190,93;201,43;|197050;
UNIS001;WID;FA;301/10041364;2021-09-30;119;GAR;10536516;WARRANTY EXTEND 2 YR-HIGH END;1;10000;06;55,00;0;0;;
UNIS001;WID;FA;301/10041364;2021-09-30;120;ECO;10539532;TAX 2 ENV CONTRIBUTION;1;00;06;0,02;0,02;0,02;;
UNIS001;WID;FA;301/10041364;2021-09-30;121;AC;10240037;FEE SHELL FOR ITE;1;1666;06;60,00;50;52,75;;
UNIS001;WID;FA;301/10041364;2021-09-30;122;PT;10536616;FREIGHT;1;00;20;9,88;9,88;11,86;;
UNIS001;WID;FA;301/10041364;2021-09-30;123;TEL;10985597;ACC. TV-DEX W Power;2;2000;06;179,00;286,4;302,15;|316820_274775|316276_275466;
UNIS001;WID;FA;301/10041364;2021-09-30;124;ECO;10539538;TAX 8 ENV CONTRIBUTION;2;00;06;0,11;0,22;0,23;;
UNIS001;WID;FA;301/10041364;2021-09-30;125;PT;10536616;FREIGHT;1;00;20;9,88;9,88;11,86;;
UNIS001;WID;FA;301/10041364;2021-09-30;126;PR;10973064;HA EJY E-FS-T 220 DEBLU;2;00;06;195,00;390;411,45;|351240|351250;
UNIS001;WID;FA;301/10041364;2021-09-30;127;GAR;10536516;WARRANTY EXTEND 2 YR-HIGH END;2;10000;06;55,00;0;0;;
UNIS001;WID;FA;301/10041364;2021-09-30;128;ECO;10539532;TAX 2 ENV CONTRIBUTION;2;00;06;0,02;0,04;0,04;;
UNIS001;WID;FA;301/10041364;2021-09-30;129;PT;10536616;FREIGHT;1;00;20;9,88;9,88;11,86;;
UNIS001;WID;FA;301/10041364;2021-09-30;130;PD;10983709;PKG DOUBLE EARTIP M 10;6;10000;06;10,00;0;0;;
UNIS001;WID;FA;301/10041364;2021-09-30;131;PD;10983708;PKG DOUBLE EARTIP S 10;6;10000;06;10,00;0;0;;
UNIS001;WID;FA;301/10041364;2021-09-30;132;PD;10983710;PKG DOUBLE EARTIP L 10;6;10000;06;10,00;0;0;;
UNIS001;WID;AV;302/10004795;2021-09-30;1;PR;10985448;HA MOMENT MRB0 440 TCBLK;2;00;06;-465,00;-930;-981,15;|102168|102318;
UNIS001;WID;AV;302/10004795;2021-09-30;2;GAR;10536516;WARRANTY EXTEND 2 YR-HIGH END;2;10000;06;-55,00;0;0;;
UNIS001;WID;AV;302/10004795;2021-09-30;3;ECO;10539532;TAX 2 ENV CONTRIBUTION;2;00;06;-0,02;-0,04;-0,04;;
UNIS001;WID;AV;302/10004795;2021-09-30;4;PR;10973061;HA EJY E-FS-T 220 SLVGR;1;00;06;-195,00;-195;-205,73;|353091;
UNIS001;WID;AV;302/10004795;2021-09-30;5;GAR;10536516;WARRANTY EXTEND 2 YR-HIGH END;1;10000;06;-55,00;0;0;;
UNIS001;WID;AV;302/10004795;2021-09-30;6;ECO;10539532;TAX 2 ENV CONTRIBUTION;1;00;06;-0,02;-0,02;-0,02;;
UNIS001;WID;AV;302/10004795;2021-09-30;7;PD;EM-10979905                   00002301;CRET SOFT R;1;10000;06;-33,50;0;0;|E2178009180R;
UNIS001;WID;AV;302/10004795;2021-09-30;8;PD;EM-10979905                   00024301;CRET SOFT L;1;10000;06;-33,50;0;0;|E2178009179L;
UNIS001;WID;AV;302/10004795;2021-09-30;9;PR;10985491;HA MOMENT MRR2D 440 ATBG;2;00;06;-491,00;-982;-1036,01;|538508|538518;
UNIS001;WID;AV;302/10004795;2021-09-30;10;GAR;10536516;WARRANTY EXTEND 2 YR-HIGH END;2;10000;06;-55,00;0;0;;
UNIS001;WID;AV;302/10004795;2021-09-30;11;ECO;10539532;TAX 2 ENV CONTRIBUTION;2;00;06;-0,02;-0,04;-0,04;;
UNIS001;WID;AV;302/10004795;2021-09-30;12;PR;10973357;HA EVK E-F2 440 ATBG;1;00;06;-491,00;-491;-518,01;|870680;
UNIS001;WID;AV;302/10004795;2021-09-30;13;GAR;10536516;WARRANTY EXTEND 2 YR-HIGH END;1;10000;06;-55,00;0;0;;
UNIS001;WID;AV;302/10004795;2021-09-30;14;ECO;10539532;TAX 2 ENV CONTRIBUTION;1;00;06;-0,02;-0,02;-0,02;;
UNIS001;WID;AV;302/10004795;2021-09-30;15;PR;10985475;HA MOMENT MRR2D 330 SLVGR;1;00;06;-412,00;-412;-434,66;|532092;
UNIS001;WID;AV;302/10004795;2021-09-30;16;GAR;10536516;WARRANTY EXTEND 2 YR-HIGH END;1;10000;06;-55,00;0;0;;
UNIS001;WID;AV;302/10004795;2021-09-30;17;ECO;10539532;TAX 2 ENV CONTRIBUTION;1;00;06;-0,02;-0,02;-0,02;;
UNIS001;WID;AV;302/10004795;2021-09-30;18;PR;10985528;HA MOMENT MRB2D 440 GBRN;2;00;06;-491,00;-982;-1036,01;|261051|261011;
UNIS001;WID;AV;302/10004795;2021-09-30;19;GAR;10536516;WARRANTY EXTEND 2 YR-HIGH END;2;10000;06;-55,00;0;0;;
UNIS001;WID;AV;302/10004795;2021-09-30;20;ECO;10539532;TAX 2 ENV CONTRIBUTION;2;00;06;-0,02;-0,04;-0,04;;
UNIS001;WID;AV;302/10004795;2021-09-30;21;PR;10989659;HA EJY E-PA E22 E 220 SLVGR;1;00;06;-195,00;-195;-205,73;|176023;
UNIS001;WID;AV;302/10004795;2021-09-30;22;GAR;10536516;WARRANTY EXTEND 2 YR-HIGH END;1;10000;06;-55,00;0;0;;
UNIS001;WID;AV;302/10004795;2021-09-30;23;ECO;10539532;TAX 2 ENV CONTRIBUTION;1;00;06;-0,02;-0,02;-0,02;;
UNIS001;WID;FA;307/10012589;2021-09-30;1;REPA;ITE-10990488-R;Forfait Réparation;1;10000;06;149,00;0;0;|188108|107514;
UNIS001;WID;FA;307/10012589;2021-09-30;2;REPA;10973356;Forfait Réparation;1;10000;06;149,00;0;0;||378607;
UNIS002;WID;FA;307/10012590;2021-09-30;1;REPA;10985215;Forfait Réparation;1;10000;06;149,00;0;0;|525128|029577;
UNIS002;WID;FA;307/10012590;2021-09-30;2;REPA;10985448;Forfait Réparation;1;10000;06;149,00;0;0;|039649|042456;
UNIS002;WID;FA;307/10012590;2021-09-30;3;REPA;10985215;Forfait Réparation;1;10000;06;149,00;0;0;||525128;
