AF0003;WID;FA;301/10069939;2022-11-02;1;PT;10536616;FREIGHT;1;00;00;13,49;13,49;13,49;;
AF0003;WID;FA;301/10069939;2022-11-02;2;GAR;10536516;WARRANTY EXTEND 2 YR-HIGH END;2;10000;00;55,00;0;0;;
AF0011;WID;FA;301/10069940;2022-11-02;1;PT;10536616;FREIGHT;1;00;00;13,49;13,49;13,49;;
AF0011;WID;FA;301/10069940;2022-11-02;2;GAR;10536516;WARRANTY EXTEND 2 YR-HIGH END;2;10000;00;55,00;0;0;;
AF0003;WID;FA;301/10069941;2022-11-02;1;PT;10536616;FREIGHT;1;00;00;13,49;13,49;13,49;;
AF0003;WID;FA;301/10069941;2022-11-02;2;GAR;10536516;WARRANTY EXTEND 2 YR-HIGH END;2;10000;00;55,00;0;0;;
AF0005;WID;FA;301/10069942;2022-11-02;1;PT;10536616;FREIGHT;1;00;00;13,49;13,49;13,49;;
AF0005;WID;FA;301/10069942;2022-11-02;2;GAR;10536516;WARRANTY EXTEND 2 YR-HIGH END;2;10000;00;55,00;0;0;;
AF0005;WID;FA;301/10069943;2022-11-02;1;PT;10536616;FREIGHT;1;00;00;13,49;13,49;13,49;;
AF0011;WID;FA;301/10069944;2022-11-02;1;PR;10995979;HA ACTS AMRR2D SY SLVGR;2;00;00;412,00;824;824;|896980|897020;
AF0011;WID;FA;301/10069944;2022-11-02;2;PD;10990737;REC V.2 RIC M 3R;1;00;00;29,90;29,9;29,9;|1714085;
AF0011;WID;FA;301/10069944;2022-11-02;3;PD;10990738;REC V.2 RIC M 3L;1;00;00;29,90;29,9;29,9;|1745607;
AF0011;WID;FA;301/10069944;2022-11-02;4;AC;21006767;ACC. MRIC CHARGE WPC101 TYP C;1;00;00;105,00;105;105;|0149992;
AF0003;WID;FA;301/10069945;2022-11-02;1;PR;10995969;HA ACTS AMRB2D CO SLVGR;2;00;00;332,00;664;664;|039210|038858;
AF0003;WID;FA;301/10069945;2022-11-02;2;PD;10983550;REC WIRED M RIC R 3R N.A;1;00;00;29,90;29,9;29,9;|6157348;
AF0003;WID;FA;301/10069945;2022-11-02;3;PD;10983551;REC WIRED M RIC L 3L N.A;1;00;00;29,90;29,9;29,9;|6075508;
AF0005;WID;FA;301/10069946;2022-11-02;1;PD;10982992;HSG TOP RB2D NANO GBRN;2;10000;00;11,95;0;0;;
AF0005;WID;FA;301/10069946;2022-11-02;2;PD;10983021;HSG BTM NANO GLDN;2;10000;00;11,00;0;0;;
AF0005;WID;FA;301/10069946;2022-11-02;3;PD;10982633;BTY DRAWER FS NANO GLDN;2;10000;00;7,50;0;0;;
AF0005;WID;FA;301/10069946;2022-11-02;4;PD;10983216;PB NANO GLDN;2;10000;00;4,05;0;0;;
AF0005;WID;FA;301/10069946;2022-11-02;5;PD;10971243;AXLE BATTERY DRAWER PIN;2;10000;00;1,75;0;0;;
AF0005;WID;FA;301/10069946;2022-11-02;6;PD;10977927;REC WIRED M RIC R 2R N.A;1;00;00;29,90;29,9;29,9;|6121127;
AF0005;WID;FA;301/10069946;2022-11-02;7;PD;10983549;REC WIRED M RIC L 2L N.A;1;00;00;29,90;29,9;29,9;|6112714;
AF0005;WID;FA;301/10069946;2022-11-02;8;PR;10995976;HA ACTS AMRR2D PR GBRN;2;00;00;276,00;552;552;|898760|898770;
AF0005;WID;FA;301/10069946;2022-11-02;9;AC;21006776;ACC. MRIC WPT102 W CABLE EU;1;10000;00;129,00;0;0;|2119936;
AF0005;WID;FA;301/10069946;2022-11-02;10;PD;10990735;REC V.2 RIC M 2R;1;00;00;29,90;29,9;29,9;|1594976;
AF0005;WID;FA;301/10069946;2022-11-02;11;PD;10990736;REC V.2 RIC M 2L;1;00;00;29,90;29,9;29,9;|1626615;
AF0003;WID;FA;301/10069947;2022-11-02;1;PR;10985138;HA ACTS AF2 ESY E330 SLVGR;2;00;00;412,00;824;824;|936728|936718;
AF0003;WID;FA;301/10069947;2022-11-02;2;PD;10983549;REC WIRED M RIC L 2L N.A;1;00;00;29,90;29,9;29,9;|6112602;
AF0003;WID;FA;301/10069947;2022-11-02;3;PD;10977927;REC WIRED M RIC R 2R N.A;1;00;00;29,90;29,9;29,9;|5923715;
AF0005;WID;FA;301/10069948;2022-11-02;1;PD;EM-10979914;MODULAR EARTIP R;1;00;00;50,00;50;50;|E2278017153R;
AF0002;WID;FA;301/10069958;2022-11-03;1;PT;10536616;FREIGHT;1;00;00;13,49;13,49;13,49;;
AF0002;WID;FA;301/10069958;2022-11-03;2;GAR;10536516;WARRANTY EXTEND 2 YR-HIGH END;1;10000;00;55,00;0;0;;
AF0002;WID;FA;301/10069958;2022-11-03;3;GAR;10536516;WARRANTY EXTEND 2 YR-HIGH END;2;10000;00;55,00;0;0;;
AF0005;WID;FA;301/10069959;2022-11-03;1;PT;10536616;FREIGHT;1;00;00;13,49;13,49;13,49;;
AF0005;WID;FA;301/10069959;2022-11-03;2;GAR;10536516;WARRANTY EXTEND 2 YR-HIGH END;2;10000;00;55,00;0;0;;
AF0005;WID;FA;301/10069959;2022-11-03;3;GAR;10536516;WARRANTY EXTEND 2 YR-HIGH END;2;10000;00;55,00;0;0;;
AF0005;WID;FA;301/10069959;2022-11-03;4;GAR;10536516;WARRANTY EXTEND 2 YR-HIGH END;1;10000;00;55,00;0;0;;
AF0002;WID;FA;301/10069960;2022-11-03;1;PR;10973034;HA EVK E-FS-T 220 SLVGR;1;00;00;305,00;305;305;|325562;
AF0002;WID;FA;301/10069960;2022-11-03;2;PD;10983549;REC WIRED M RIC L 2L N.A;1;00;00;29,90;29,9;29,9;|6132021;
AF0002;WID;FA;301/10069960;2022-11-03;3;PR;10995960;HA ACTS AMRR2D PH SLVGR;2;00;00;491,00;982;982;|898741|898681;
AF0002;WID;FA;301/10069960;2022-11-03;4;PD;10990735;REC V.2 RIC M 2R;1;00;00;29,90;29,9;29,9;|1075955;
AF0002;WID;FA;301/10069960;2022-11-03;5;PD;10990745;REC V.2 RIC P 2L;1;00;00;29,90;29,9;29,9;|1546118;
AF0002;WID;FA;301/10069960;2022-11-03;6;AC;21006776;ACC. MRIC WPT102 W CABLE EU;1;10000;00;129,00;0;0;|2120507;
AF0005;WID;FA;301/10069961;2022-11-03;1;PR;10995968;HA ACTS AMRB2D PR GBRN;2;00;00;226,00;452;452;|040129|040139;
AF0005;WID;FA;301/10069961;2022-11-03;2;PD;10977927;REC WIRED M RIC R 2R N.A;1;00;00;29,90;29,9;29,9;|6121610;
AF0005;WID;FA;301/10069961;2022-11-03;3;PD;10983549;REC WIRED M RIC L 2L N.A;1;00;00;29,90;29,9;29,9;|6112239;
AF0005;WID;FA;301/10069961;2022-11-03;4;PR;10995976;HA ACTS AMRR2D PR GBRN;2;00;00;276,00;552;552;|898780|900626;
AF0005;WID;FA;301/10069961;2022-11-03;5;AC;21006776;ACC. MRIC WPT102 W CABLE EU;1;10000;00;129,00;0;0;|2106792;
AF0005;WID;FA;301/10069961;2022-11-03;6;PD;10990735;REC V.2 RIC M 2R;1;00;00;29,90;29,9;29,9;|1641517;
AF0005;WID;FA;301/10069961;2022-11-03;7;PD;10990736;REC V.2 RIC M 2L;1;00;00;29,90;29,9;29,9;|1621763;
AF0005;WID;FA;301/10069961;2022-11-03;8;PR;10995967;HA ACTS AMRB2D PR SLVGR;1;00;00;226,00;226;226;|039058;
AF0005;WID;FA;301/10069961;2022-11-03;9;PD;10983559;REC WIRED P RIC L 2L N.A;1;00;00;29,90;29,9;29,9;|1682497;
AF0569;WID;FA;301/10069980;2022-11-04;1;PT;10536616;FREIGHT;1;00;00;13,49;13,49;13,49;;
AF0569;WID;FA;301/10069980;2022-11-04;2;PD;10982660;BTY DRAWER PA RB0 NANO BLK2;1;10000;00;7,50;0;0;;
AF0569;WID;FA;301/10069981;2022-11-04;1;PT;10536616;FREIGHT;1;00;00;13,49;13,49;13,49;;
AF0569;WID;FA;301/10069981;2022-11-04;2;PR;ITE-10980075-L;EJY E-CIC 220   CIC;1;00;00;160,00;160;160;|325998;
AF0569;WID;FA;301/10069981;2022-11-04;3;GAR;10536516;WARRANTY EXTEND 2 YR-HIGH END;1;10000;00;55,00;0;0;;
AF0569;WID;FA;301/10069981;2022-11-04;4;ECO;10539532;TAX 2 ENV CONTRIBUTION;1;00;00;0,02;0,02;0,02;;
AF0569;WID;FA;301/10069981;2022-11-04;5;AUT;10240037;FEE SHELL FOR ITE;1;00;00;60,00;60;60;;
AF0569;WID;FA;301/10069981;2022-11-04;6;PR;ITE-10980075-R;EJY E-CIC 220   CIC;1;00;00;160,00;160;160;|325560;
AF0569;WID;FA;301/10069981;2022-11-04;7;GAR;10536516;WARRANTY EXTEND 2 YR-HIGH END;1;10000;00;55,00;0;0;;
AF0569;WID;FA;301/10069981;2022-11-04;8;ECO;10539532;TAX 2 ENV CONTRIBUTION;1;00;00;0,02;0,02;0,02;;
AF0569;WID;FA;301/10069981;2022-11-04;9;AUT;10240037;FEE SHELL FOR ITE;1;00;00;60,00;60;60;;
AF0003;WID;FA;301/10069982;2022-11-04;1;PT;10536616;FREIGHT;1;00;00;13,49;13,49;13,49;;
AF0003;WID;FA;301/10069982;2022-11-04;2;GAR;10536516;WARRANTY EXTEND 2 YR-HIGH END;2;10000;00;55,00;0;0;;
AF0012;WID;FA;301/10069983;2022-11-04;1;PT;10536616;FREIGHT;1;00;00;13,49;13,49;13,49;;
AF0012;WID;FA;301/10069983;2022-11-04;2;GAR;10536516;WARRANTY EXTEND 2 YR-HIGH END;2;10000;00;55,00;0;0;;
AF0003;WID;FA;301/10069984;2022-11-04;1;PT;10536616;FREIGHT;1;00;00;13,49;13,49;13,49;;
AF0017;WID;FA;301/10069985;2022-11-04;1;PT;10536616;FREIGHT;1;00;00;13,49;13,49;13,49;;
AF0017;WID;FA;301/10069985;2022-11-04;2;GAR;10536516;WARRANTY EXTEND 2 YR-HIGH END;1;10000;00;55,00;0;0;;
AF0017;WID;FA;301/10069985;2022-11-04;3;AUT;10240037;FEE SHELL FOR ITE;1;00;00;60,00;60;60;;
AF0014;WID;FA;301/10069986;2022-11-04;1;PT;10536616;FREIGHT;1;00;20;13,49;13,49;16,19;;
AF0014;WID;FA;301/10069986;2022-11-04;2;GAR;10536516;WARRANTY EXTEND 2 YR-HIGH END;2;10000;06;55,00;0;0;;
AF0014;WID;FA;301/10069986;2022-11-04;3;ECO;10539532;TAX 2 ENV CONTRIBUTION;2;00;06;0,02;0,04;0,04;;
AF0014;WID;FA;301/10069986;2022-11-04;4;ECO;10539532;TAX 2 ENV CONTRIBUTION;1;10000;06;0,02;0;0;;
AF0003;WID;FA;301/10069987;2022-11-04;1;PR;10995960;HA ACTS AMRR2D PH SLVGR;2;00;00;491,00;982;982;|898711|898671;
AF0003;WID;FA;301/10069987;2022-11-04;2;AC;21006776;ACC. MRIC WPT102 W CABLE EU;1;10000;00;129,00;0;0;|2120615;
AF0003;WID;FA;301/10069987;2022-11-04;3;PD;10990733;REC V.2 RIC M 1R;1;00;00;29,90;29,9;29,9;|1725759;
AF0003;WID;FA;301/10069987;2022-11-04;4;PD;10990734;REC V.2 RIC M 1L;1;00;00;29,90;29,9;29,9;|1727291;
AF0012;WID;FA;301/10069988;2022-11-04;1;PR;21007178;HA MOMENT MBR3D 110 GBRN;2;00;00;276,00;552;552;|1063471|1063461;
AF0012;WID;FA;301/10069988;2022-11-04;2;AC;21006781;ACC. BTE WPT202 W CABLE EU;1;10000;00;139,00;0;0;|2086325;
AF0017;WID;FA;301/10069989;2022-11-04;1;PR;ITE-10990487-L;MOMNT M-CIC 330 CIC;1;00;00;385,00;385;385;|346761;
AF0014;WID;FA;301/10069990;2022-11-04;1;PR;10985489;HA MOMENT MRR2D 440 GBRN;2;00;00;491,00;982;982;|1091701|1091771;
AF0014;WID;FA;301/10069990;2022-11-04;2;PD;10990737;REC V.2 RIC M 3R;1;00;00;29,90;29,9;29,9;|1735541;
AF0014;WID;FA;301/10069990;2022-11-04;3;PD;10990738;REC V.2 RIC M 3L;1;00;00;29,90;29,9;29,9;|1739546;
AF0014;WID;FA;301/10069990;2022-11-04;4;AC;21006776;ACC. MRIC WPT102 W CABLE EU;1;10000;00;129,00;0;0;|2120520;
AF0005;WID;FA;301/10070008;2022-11-07;1;PR;10995967;HA ACTS AMRB2D PR SLVGR;2;00;00;226,00;452;452;|039048|038853;
AF0005;WID;FA;301/10070008;2022-11-07;2;PD;10983558;REC WIRED P RIC R 2R N.A;1;00;00;29,90;29,9;29,9;|1528296;
AF0005;WID;FA;301/10070008;2022-11-07;3;PD;10983549;REC WIRED M RIC L 2L N.A;1;00;00;29,90;29,9;29,9;|6125575;
AF0005;WID;FA;301/10070009;2022-11-07;1;PT;10536616;FREIGHT;1;00;00;13,49;13,49;13,49;;
AF0005;WID;FA;301/10070009;2022-11-07;2;GAR;10536516;WARRANTY EXTEND 2 YR-HIGH END;2;10000;00;55,00;0;0;;
AF0019;WID;FA;301/10070010;2022-11-07;1;PT;10536616;FREIGHT;1;00;00;13,49;13,49;13,49;;
AF0019;WID;FA;301/10070010;2022-11-07;2;GAR;10536516;WARRANTY EXTEND 2 YR-HIGH END;1;10000;00;55,00;0;0;;
AF0019;WID;FA;301/10070010;2022-11-07;3;ECO;10539532;TAX 2 ENV CONTRIBUTION;1;00;00;0,02;0,02;0,02;;
AF0019;WID;FA;301/10070010;2022-11-07;4;AUT;10240037;FEE SHELL FOR ITE;1;00;00;60,00;60;60;;
AF0019;WID;FA;301/10070010;2022-11-07;5;GAR;10536516;WARRANTY EXTEND 2 YR-HIGH END;1;10000;00;55,00;0;0;;
AF0019;WID;FA;301/10070010;2022-11-07;6;ECO;10539532;TAX 2 ENV CONTRIBUTION;1;00;00;0,02;0,02;0,02;;
AF0019;WID;FA;301/10070010;2022-11-07;7;AUT;10240037;FEE SHELL FOR ITE;1;00;00;60,00;60;60;;
AF0014;WID;FA;301/10070011;2022-11-07;1;PT;10536616;FREIGHT;1;00;20;13,49;13,49;16,19;;
AF0014;WID;FA;301/10070011;2022-11-07;2;GAR;10536516;WARRANTY EXTEND 2 YR-HIGH END;2;10000;06;55,00;0;0;;
AF0014;WID;FA;301/10070011;2022-11-07;3;ECO;10539532;TAX 2 ENV CONTRIBUTION;2;00;06;0,02;0,04;0,04;;
AF0014;WID;FA;301/10070011;2022-11-07;4;GAR;10536516;WARRANTY EXTEND 2 YR-HIGH END;2;10000;06;55,00;0;0;;
AF0014;WID;FA;301/10070011;2022-11-07;5;ECO;10539532;TAX 2 ENV CONTRIBUTION;2;00;06;0,02;0,04;0,04;;
AF0019;WID;FA;301/10070012;2022-11-07;1;PR;ITE-10990485-L;MOMNT M-CIC 110 CIC;1;00;00;226,00;226;226;|347646;
AF0019;WID;FA;301/10070012;2022-11-07;2;PR;ITE-10990485-R;MOMNT M-CIC 110 CIC;1;00;00;226,00;226;226;|346140;
AF0014;WID;FA;301/10070013;2022-11-07;1;PR;10985488;HA MOMENT MRR2D 440 SLVGR;2;00;00;491,00;982;982;|1121213|1121473;
AF0014;WID;FA;301/10070013;2022-11-07;2;PD;10990739;REC V.2 RIC M 4R;1;00;00;29,90;29,9;29,9;|1562974;
AF0014;WID;FA;301/10070013;2022-11-07;3;PD;10990740;REC V.2 RIC M 4L;1;00;00;29,90;29,9;29,9;|1566677;
AF0014;WID;FA;301/10070013;2022-11-07;4;PR;10985459;HA MOMENT MRR2D 220 CCRN;2;00;00;332,00;664;664;|1119659|1119679;
AF0549;WID;FA;301/10070028;2022-11-08;1;PT;10536616;FREIGHT;1;00;00;13,49;13,49;13,49;;
AF0549;WID;FA;301/10070028;2022-11-08;2;PR;21014299;HA MOMENT MRR4D 440 PRWHT;2;00;00;491,00;982;982;|1069307|1045984;
AF0549;WID;FA;301/10070028;2022-11-08;3;GAR;10536516;WARRANTY EXTEND 2 YR-HIGH END;2;10000;00;55,00;0;0;;
AF0549;WID;FA;301/10070028;2022-11-08;4;ECO;10539532;TAX 2 ENV CONTRIBUTION;2;00;00;0,02;0,04;0,04;;
AF0549;WID;FA;301/10070028;2022-11-08;5;AC;21006767;ACC. MRIC CHARGE WPC101 TYP C;1;00;00;105,00;105;105;|0154660;
AF0549;WID;FA;301/10070028;2022-11-08;6;ECO;10539532;TAX 2 ENV CONTRIBUTION;1;10000;00;0,02;0;0;;
AF0549;WID;FA;301/10070028;2022-11-08;7;AC;21006767;ACC. MRIC CHARGE WPC101 TYP C;2;00;00;105,00;210;210;|0154664|0154667;
AF0549;WID;FA;301/10070028;2022-11-08;8;ECO;10539532;TAX 2 ENV CONTRIBUTION;2;10000;00;0,02;0;0;;
AF0549;WID;FA;301/10070028;2022-11-08;9;PR;21014263;HA MOMENT MRR4D 440 DCHY;2;00;00;491,00;982;982;|1045916|1044401;
AF0549;WID;FA;301/10070028;2022-11-08;10;GAR;10536516;WARRANTY EXTEND 2 YR-HIGH END;2;10000;00;55,00;0;0;;
AF0549;WID;FA;301/10070028;2022-11-08;11;ECO;10539532;TAX 2 ENV CONTRIBUTION;2;00;00;0,02;0,04;0,04;;
AF0549;WID;FA;301/10070028;2022-11-08;12;PD;10983713;INSTANT ROUND EARTIP M ONE VEN;1;10000;00;10,00;0;0;;
AF0549;WID;FA;301/10070028;2022-11-08;13;PD;10983703;PKG INSTANT OPEN EARTIP S 10;1;10000;00;10,00;0;0;;
AF0549;WID;FA;301/10070028;2022-11-08;14;PD;10983704;PKG INSTANT OPEN EARTIP L 10;2;10000;00;10,00;0;0;;
AF0549;WID;FA;301/10070028;2022-11-08;15;PD;10982913;HSG TOP NANO TMGR;2;10000;00;11,95;0;0;;
AF0549;WID;FA;301/10070028;2022-11-08;16;PD;10982923;HSG BTM NANO TMGR;2;10000;00;11,00;0;0;;
AF0549;WID;FA;301/10070028;2022-11-08;17;PD;10983318;GASKET AUDIO PROG NANO GR4;2;10000;00;4,05;0;0;;
AF0549;WID;FA;301/10070028;2022-11-08;18;PD;10982911;HSG RR2D NANO SLVGR;2;10000;00;11,95;0;0;;
AF0549;WID;FA;301/10070028;2022-11-08;19;PD;10982921;HSG BTM RR2D NANO SLVGR;2;10000;00;11,00;0;0;;
AF0549;WID;FA;301/10070028;2022-11-08;20;PD;10983318;GASKET AUDIO PROG NANO GR4;2;10000;00;4,05;0;0;;
AF0549;WID;FA;301/10070028;2022-11-08;21;PD;10982910;HSG RR2D NANO TCBLK;2;10000;00;11,95;0;0;;
AF0549;WID;FA;301/10070028;2022-11-08;22;PD;10982920;HSG BTM NANO TCBLK;2;10000;00;11,00;0;0;;
AF0549;WID;FA;301/10070028;2022-11-08;23;PD;10983316;GASKET AUD PROG KEY NANO BLK2;2;10000;00;4,05;0;0;;
AF0549;WID;FA;301/10070028;2022-11-08;24;PD;21014134;HSG TOP RR4D NANO PRWHT;2;10000;00;11,00;0;0;;
AF0549;WID;FA;301/10070028;2022-11-08;25;PD;21016111;HSG BTM RR4D PAD NANO PRWHT;2;10000;00;11,00;0;0;;
AF0549;WID;FA;301/10070028;2022-11-08;26;PD;10983317;GASKET AUD PROG KEY NANO WHT2;2;10000;00;4,05;0;0;;
AF0549;WID;FA;301/10070028;2022-11-08;27;PD;21014350;HSG TOP RR4D NANO TMGR;2;10000;00;11,00;0;0;;
AF0549;WID;FA;301/10070028;2022-11-08;28;PD;10983318;GASKET AUDIO PROG NANO GR4;2;10000;00;4,05;0;0;;
AF0549;WID;FA;301/10070028;2022-11-08;29;PD;21016118;HSG BTM RR4D PAD NANO TMGR;2;10000;00;11,00;0;0;;
AF0549;WID;FA;301/10070028;2022-11-08;30;PD;21014341;HSG TOP RR4D NANO GBRN;2;10000;00;11,00;0;0;;
AF0549;WID;FA;301/10070028;2022-11-08;31;PD;21016117;HSG BTM RR4D PAD NANO GBRN;2;10000;00;11,00;0;0;;
AF0549;WID;FA;301/10070028;2022-11-08;32;PD;10983321;GASKET AUD PROG KEY NANO GLDN;2;10000;00;4,05;0;0;;
AF0549;WID;FA;301/10070028;2022-11-08;33;PD;21014346;HSG TOP RR4D NANO SLVGR;2;10000;00;11,00;0;0;;
AF0549;WID;FA;301/10070028;2022-11-08;34;PD;21016116;HSG BTM RR4D PAD NANO SLVGR;2;10000;00;11,00;0;0;;
AF0549;WID;FA;301/10070028;2022-11-08;35;PD;10983319;GASKET AUDIO IN SEALING PROGRA;2;10000;00;4,05;0;0;;
AF0549;WID;FA;301/10070028;2022-11-08;36;PD;21014349;HSG TOP RR4D NANO TCBLK;2;10000;00;11,00;0;0;;
AF0549;WID;FA;301/10070028;2022-11-08;37;PD;21016115;HSG BTM RR4D PAD NANO TCBLK;2;10000;00;11,00;0;0;;
AF0549;WID;FA;301/10070028;2022-11-08;38;PD;10983316;GASKET AUD PROG KEY NANO BLK2;2;10000;00;4,05;0;0;;
AF0017;WID;FA;301/10070029;2022-11-08;1;PT;10536616;FREIGHT;1;00;00;13,49;13,49;13,49;;
AF0017;WID;FA;301/10070030;2022-11-08;1;PD;10983549;REC WIRED M RIC L 2L N.A;2;00;00;29,90;59,8;59,8;|6109574|6109290;
AF0005;WID;FA;301/10070045;2022-11-09;1;PT;10536616;FREIGHT;1;00;00;13,49;13,49;13,49;;
AF0005;WID;FA;301/10070045;2022-11-09;2;GAR;10536516;WARRANTY EXTEND 2 YR-HIGH END;2;10000;00;55,00;0;0;;
AF0005;WID;FA;301/10070045;2022-11-09;3;GAR;10536516;WARRANTY EXTEND 2 YR-HIGH END;2;10000;00;55,00;0;0;;
AF0005;WID;FA;301/10070045;2022-11-09;4;GAR;10536516;WARRANTY EXTEND 2 YR-HIGH END;2;10000;00;55,00;0;0;;
AF0005;WID;FA;301/10070045;2022-11-09;5;GAR;10536516;WARRANTY EXTEND 2 YR-HIGH END;2;10000;00;55,00;0;0;;
AF0005;WID;FA;301/10070045;2022-11-09;6;GAR;10536516;WARRANTY EXTEND 2 YR-HIGH END;2;10000;00;55,00;0;0;;
AF0005;WID;FA;301/10070046;2022-11-09;1;PT;10536616;FREIGHT;1;00;00;13,49;13,49;13,49;;
AF0005;WID;FA;301/10070046;2022-11-09;2;GAR;10536516;WARRANTY EXTEND 2 YR-HIGH END;70;10000;00;55,00;0;0;;
AF0005;WID;FA;301/10070046;2022-11-09;3;GAR;10536516;WARRANTY EXTEND 2 YR-HIGH END;10;10000;00;55,00;0;0;;
AF0005;WID;FA;301/10070047;2022-11-09;1;PR;10995986;HA ACTS AMRR2D PR SLVGR;2;00;00;276,00;552;552;|898035|897785;
AF0005;WID;FA;301/10070047;2022-11-09;2;AC;21006776;ACC. MRIC WPT102 W CABLE EU;1;10000;00;129,00;0;0;|2144680;
AF0005;WID;FA;301/10070047;2022-11-09;3;PD;10990737;REC V.2 RIC M 3R;1;00;00;29,90;29,9;29,9;|1738904;
AF0005;WID;FA;301/10070047;2022-11-09;4;PD;10990738;REC V.2 RIC M 3L;1;00;00;29,90;29,9;29,9;|1745354;
AF0005;WID;FA;301/10070047;2022-11-09;5;PR;10995966;HA ACTS AMRB2D PH GBRN;2;00;00;491,00;982;982;|036271|036281;
AF0005;WID;FA;301/10070047;2022-11-09;6;PD;10977927;REC WIRED M RIC R 2R N.A;1;00;00;29,90;29,9;29,9;|6153552;
AF0005;WID;FA;301/10070047;2022-11-09;7;PD;10983549;REC WIRED M RIC L 2L N.A;1;00;00;29,90;29,9;29,9;|6108366;
AF0005;WID;FA;301/10070048;2022-11-09;1;PR;10995984;HA ACTS AMRR2D PH GBRN;2;00;00;491,00;982;982;|898870|897301;
AF0005;WID;FA;301/10070048;2022-11-09;2;AC;21006767;ACC. MRIC CHARGE WPC101 TYP C;1;00;00;105,00;105;105;|0154465;
AF0005;WID;FA;301/10070048;2022-11-09;3;PD;10990735;REC V.2 RIC M 2R;1;00;00;29,90;29,9;29,9;|1712664;
AF0005;WID;FA;301/10070048;2022-11-09;4;PD;10990736;REC V.2 RIC M 2L;1;00;00;29,90;29,9;29,9;|1554438;
AF0005;WID;FA;301/10070048;2022-11-09;5;PR;10995954;HA ACTS AMRB0 SY SLVGR;2;00;00;385,00;770;770;|146139|145964;
AF0005;WID;FA;301/10070048;2022-11-09;6;PD;10990737;REC V.2 RIC M 3R;1;00;00;29,90;29,9;29,9;|1734571;
AF0005;WID;FA;301/10070048;2022-11-09;7;PD;10990738;REC V.2 RIC M 3L;1;00;00;29,90;29,9;29,9;|1745358;
AF0005;WID;FA;301/10070048;2022-11-09;8;PR;10995960;HA ACTS AMRR2D PH SLVGR;2;00;00;491,00;982;982;|897246|897256;
AF0005;WID;FA;301/10070048;2022-11-09;9;AC;21006767;ACC. MRIC CHARGE WPC101 TYP C;1;00;00;105,00;105;105;|0150680;
AF0005;WID;FA;301/10070048;2022-11-09;10;PD;10990735;REC V.2 RIC M 2R;1;00;00;29,90;29,9;29,9;|1708757;
AF0005;WID;FA;301/10070048;2022-11-09;11;PD;10990736;REC V.2 RIC M 2L;1;00;00;29,90;29,9;29,9;|1621747;
AF0005;WID;FA;301/10070048;2022-11-09;12;PR;10995984;HA ACTS AMRR2D PH GBRN;2;00;00;491,00;982;982;|897291|898880;
AF0005;WID;FA;301/10070048;2022-11-09;13;AC;21006776;ACC. MRIC WPT102 W CABLE EU;1;10000;00;129,00;0;0;|2120621;
AF0005;WID;FA;301/10070048;2022-11-09;14;PD;10990735;REC V.2 RIC M 2R;1;00;00;29,90;29,9;29,9;|1708525;
AF0005;WID;FA;301/10070048;2022-11-09;15;PD;10990736;REC V.2 RIC M 2L;1;00;00;29,90;29,9;29,9;|1623572;
AF0005;WID;FA;301/10070048;2022-11-09;16;PR;10995977;HA ACTS AMRR2D CO SLVGR;2;00;00;332,00;664;664;|898641|898791;
AF0005;WID;FA;301/10070048;2022-11-09;17;AC;21006776;ACC. MRIC WPT102 W CABLE EU;1;10000;00;129,00;0;0;|2144585;
AF0005;WID;FA;301/10070048;2022-11-09;18;PD;10990735;REC V.2 RIC M 2R;1;00;00;29,90;29,9;29,9;|1719213;
AF0005;WID;FA;301/10070048;2022-11-09;19;PD;10990736;REC V.2 RIC M 2L;1;00;00;29,90;29,9;29,9;|1542064;
AF0005;WID;FA;301/10070049;2022-11-09;1;PR;10989834;HA EVK E-FM 50 CABRN;70;00;00;90,00;6300;6300;|278779|297878|299193|299173|297848|297838|297581|297821|278809|297831|297771|297911|297621|297858|297881|297731|297551|297871|297671|297901|297788|299163|297808|297801|297611|297741|297861|297791|297921|297868|297761|297811|297691|297601|297531|297918|297891|297651|297818|297641|297728|297781|297908|297778|299155|299153|297758|297748|297561|278789|297701|299183|278799|297591|297828|297738|297661|297718|297541|297631|297711|297798|297898|297751|297841|297681|297888|297571|297721|297851;
AF0005;WID;FA;301/10070049;2022-11-09;2;;21004450;HA MAGNIFY MRR2D M10 CCRN;10;00;00;190,00;1900;1900;|1112454|1108602|948443|1108592|1108572|1108582|948413|948423|948473|948433;
AF0005;WID;FA;301/10070049;2022-11-09;3;AC;21006776;ACC. MRIC WPT102 W CABLE EU;5;10000;00;129,00;0;0;|2144677|2119451|2144669|2119455|2119463;
AF0005;WID;FA;301/10070061;2022-11-10;1;PT;10536616;FREIGHT;1;00;00;13,49;13,49;13,49;;
AF0005;WID;FA;301/10070061;2022-11-10;2;GAR;10536516;WARRANTY EXTEND 2 YR-HIGH END;2;10000;00;55,00;0;0;;
018;WID;FA;301/10070062;2022-11-10;1;PT;10536616;FREIGHT;1;00;00;13,49;13,49;13,49;;
018;WID;FA;301/10070062;2022-11-10;2;GAR;10536516;WARRANTY EXTEND 2 YR-HIGH END;2;10000;00;55,00;0;0;;
AF0005;WID;FA;301/10070064;2022-11-10;1;PR;10995976;HA ACTS AMRR2D PR GBRN;2;00;00;276,00;552;552;|897129|897119;
AF0005;WID;FA;301/10070064;2022-11-10;2;AC;21006776;ACC. MRIC WPT102 W CABLE EU;1;10000;00;129,00;0;0;|2119566;
AF0005;WID;FA;301/10070064;2022-11-10;3;PD;10990733;REC V.2 RIC M 1R;1;00;00;29,90;29,9;29,9;|1718074;
AF0005;WID;FA;301/10070064;2022-11-10;4;PD;10990734;REC V.2 RIC M 1L;1;00;00;29,90;29,9;29,9;|1705306;
018;WID;FA;301/10070065;2022-11-10;1;PR;21002742;HA MOM MBB3D 110 CCRN;2;00;00;226,00;452;452;|1028941|1028942;
AF0005;WID;FA;301/10070066;2022-11-10;1;PR;10995986;HA ACTS AMRR2D PR SLVGR;2;00;00;276,00;552;552;|896956|896976;
AF0005;WID;FA;301/10070066;2022-11-10;2;AC;21006776;ACC. MRIC WPT102 W CABLE EU;1;10000;00;129,00;0;0;|2119423;
AF0005;WID;FA;301/10070066;2022-11-10;3;PD;10990735;REC V.2 RIC M 2R;1;00;00;29,90;29,9;29,9;|1576325;
AF0005;WID;FA;301/10070066;2022-11-10;4;PD;10990736;REC V.2 RIC M 2L;1;00;00;29,90;29,9;29,9;|1486958;
AF0005;WID;FA;301/10070084;2022-11-11;1;PR;10995972;HA ACTS AMRB0 PR GBRN;1;00;00;226,00;226;226;|146204;
AF0005;WID;FA;301/10070084;2022-11-11;2;PD;10983540;REC WIRED S RIC L 2L N.A;1;00;00;29,90;29,9;29,9;|2369222;
AF0005;WID;FA;301/10070085;2022-11-11;1;PR;10995976;HA ACTS AMRR2D PR GBRN;2;00;00;276,00;552;552;|897945|897955;
AF0005;WID;FA;301/10070085;2022-11-11;2;AC;21006776;ACC. MRIC WPT102 W CABLE EU;1;10000;00;129,00;0;0;|2120023;
AF0005;WID;FA;301/10070085;2022-11-11;3;PD;10990733;REC V.2 RIC M 1R;1;00;00;29,90;29,9;29,9;|1731265;
AF0005;WID;FA;301/10070085;2022-11-11;4;PD;10990734;REC V.2 RIC M 1L;1;00;00;29,90;29,9;29,9;|1705479;
AF0005;WID;FA;301/10070086;2022-11-11;1;PT;10536616;FREIGHT;1;00;00;13,49;13,49;13,49;;
AF0017;WID;FA;301/10070087;2022-11-11;1;PT;10536616;FREIGHT;1;00;00;13,49;13,49;13,49;;
AF0017;WID;FA;301/10070087;2022-11-11;2;GAR;10536516;WARRANTY EXTEND 2 YR-HIGH END;1;10000;00;55,00;0;0;;
AF0011;WID;FA;301/10070089;2022-11-11;1;PT;10536616;FREIGHT;1;00;00;13,49;13,49;13,49;;
AF0011;WID;FA;301/10070089;2022-11-11;2;GAR;10536516;WARRANTY EXTEND 2 YR-HIGH END;2;10000;00;55,00;0;0;;
AF0011;WID;FA;301/10070089;2022-11-11;3;GAR;10536516;WARRANTY EXTEND 2 YR-HIGH END;2;10000;00;55,00;0;0;;
AF0005;WID;FA;301/10070091;2022-11-11;1;PT;10536616;FREIGHT;1;00;00;13,49;13,49;13,49;;
AF0005;WID;FA;301/10070091;2022-11-11;2;GAR;10536516;WARRANTY EXTEND 2 YR-HIGH END;2;10000;00;55,00;0;0;;
AF0005;WID;FA;301/10070092;2022-11-11;1;AC;10985616;ACC. TV PLAY KIT LANG PACK 1;1;2000;00;179,00;143,2;143,2;|073152;
AF0017;WID;FA;301/10070093;2022-11-11;1;PR;10995986;HA ACTS AMRR2D PR SLVGR;1;00;00;276,00;276;276;|896986;
AF0017;WID;FA;301/10070093;2022-11-11;2;PD;10990735;REC V.2 RIC M 2R;1;00;00;29,90;29,9;29,9;|1721672;
AF0017;WID;FA;301/10070093;2022-11-11;3;AC;21006776;ACC. MRIC WPT102 W CABLE EU;1;10000;00;129,00;0;0;|2120018;
AF0005;WID;FA;301/10070094;2022-11-11;1;PD;10983550;REC WIRED M RIC R 3R N.A;1;00;00;29,90;29,9;29,9;|6158814;
AF0005;WID;FA;301/10070094;2022-11-11;2;PD;10983551;REC WIRED M RIC L 3L N.A;1;00;00;29,90;29,9;29,9;|6170070;
AF0011;WID;FA;301/10070095;2022-11-11;1;PR;10995979;HA ACTS AMRR2D SY SLVGR;2;00;00;412,00;824;824;|897196|897176;
AF0011;WID;FA;301/10070095;2022-11-11;2;PD;10990735;REC V.2 RIC M 2R;1;00;00;29,90;29,9;29,9;|1726495;
AF0011;WID;FA;301/10070095;2022-11-11;3;PD;10990736;REC V.2 RIC M 2L;1;00;00;29,90;29,9;29,9;|1764509;
AF0011;WID;FA;301/10070095;2022-11-11;4;AC;21006767;ACC. MRIC CHARGE WPC101 TYP C;1;00;00;105,00;105;105;|0140446;
AF0011;WID;FA;301/10070095;2022-11-11;5;PR;10995983;HA ACTS AMRR2D PH TCBLK;2;00;00;491,00;982;982;|897338|897298;
AF0011;WID;FA;301/10070095;2022-11-11;6;PD;10990737;REC V.2 RIC M 3R;1;00;00;29,90;29,9;29,9;|1734547;
AF0011;WID;FA;301/10070095;2022-11-11;7;PD;10990738;REC V.2 RIC M 3L;1;00;00;29,90;29,9;29,9;|1744355;
AF0005;WID;FA;301/10070111;2022-11-14;1;PR;10995967;HA ACTS AMRB2D PR SLVGR;2;00;00;226,00;452;452;|036181|038921;
AF0005;WID;FA;301/10070111;2022-11-14;2;PD;10977927;REC WIRED M RIC R 2R N.A;1;00;00;29,90;29,9;29,9;|6121604;
AF0005;WID;FA;301/10070111;2022-11-14;3;PD;10983551;REC WIRED M RIC L 3L N.A;1;00;00;29,90;29,9;29,9;|6179430;
AF0003;WID;FA;301/10070113;2022-11-14;1;PT;10536616;FREIGHT;1;00;00;13,49;13,49;13,49;;
AF0003;WID;FA;301/10070113;2022-11-14;2;GAR;10536516;WARRANTY EXTEND 2 YR-HIGH END;2;10000;00;55,00;0;0;;
AF0017;WID;FA;301/10070114;2022-11-14;1;PT;10536616;FREIGHT;1;00;00;13,49;13,49;13,49;;
AF0017;WID;FA;301/10070114;2022-11-14;2;GAR;10536516;WARRANTY EXTEND 2 YR-HIGH END;2;10000;00;55,00;0;0;;
AF0019;WID;FA;301/10070115;2022-11-14;1;PT;10536616;FREIGHT;1;00;00;13,49;13,49;13,49;;
AF0019;WID;FA;301/10070115;2022-11-14;2;GAR;10536516;WARRANTY EXTEND 2 YR-HIGH END;2;10000;00;55,00;0;0;;
AF0019;WID;FA;301/10070115;2022-11-14;3;ECO;10539532;TAX 2 ENV CONTRIBUTION;2;00;00;0,02;0,04;0,04;;
AF0019;WID;FA;301/10070115;2022-11-14;4;ECO;10539532;TAX 2 ENV CONTRIBUTION;1;10000;00;0,02;0;0;;
AF0002;WID;FA;301/10070116;2022-11-14;1;PT;10536616;FREIGHT;1;00;00;13,49;13,49;13,49;;
AF0002;WID;FA;301/10070117;2022-11-14;1;PT;10536616;FREIGHT;1;00;00;13,49;13,49;13,49;;
AF0002;WID;FA;301/10070117;2022-11-14;2;GAR;10536516;WARRANTY EXTEND 2 YR-HIGH END;2;10000;00;55,00;0;0;;
AF0011;WID;FA;301/10070118;2022-11-14;1;PT;10536616;FREIGHT;1;00;00;13,49;13,49;13,49;;
AF0011;WID;FA;301/10070118;2022-11-14;2;GAR;10536516;WARRANTY EXTEND 2 YR-HIGH END;2;10000;00;55,00;0;0;;
AF0012;WID;FA;301/10070119;2022-11-14;1;PT;10536616;FREIGHT;1;00;00;13,49;13,49;13,49;;
AF0012;WID;FA;301/10070119;2022-11-14;2;GAR;10536516;WARRANTY EXTEND 2 YR-HIGH END;2;10000;00;55,00;0;0;;
AF0005;WID;FA;301/10070120;2022-11-14;1;PT;10536616;FREIGHT;1;00;00;13,49;13,49;13,49;;
AF0005;WID;FA;301/10070120;2022-11-14;2;GAR;10536516;WARRANTY EXTEND 2 YR-HIGH END;2;10000;00;55,00;0;0;;
AF0005;WID;FA;301/10070121;2022-11-14;1;PD;10983550;REC WIRED M RIC R 3R N.A;1;00;00;29,90;29,9;29,9;|6026310;
AF0005;WID;FA;301/10070121;2022-11-14;2;PD;10983551;REC WIRED M RIC L 3L N.A;1;00;00;29,90;29,9;29,9;|6051776;
AF0003;WID;FA;301/10070122;2022-11-14;1;PR;10995987;HA ACTS AMRR2D CO GBRN;2;00;00;332,00;664;664;|896996|897006;
AF0003;WID;FA;301/10070122;2022-11-14;2;AC;21006776;ACC. MRIC WPT102 W CABLE EU;1;10000;00;129,00;0;0;|2119380;
AF0003;WID;FA;301/10070122;2022-11-14;3;PD;10990735;REC V.2 RIC M 2R;1;00;00;29,90;29,9;29,9;|1747171;
AF0003;WID;FA;301/10070122;2022-11-14;4;PD;10990736;REC V.2 RIC M 2L;1;00;00;29,90;29,9;29,9;|1764802;
AF0017;WID;FA;301/10070123;2022-11-14;1;;21007190;HA MOMENT MBR3D 220 SLVGR;2;00;00;332,00;664;664;|1063414|1057648;
AF0017;WID;FA;301/10070123;2022-11-14;2;AC;21006781;ACC. BTE WPT202 W CABLE EU;1;10000;00;139,00;0;0;|2040680;
AF0019;WID;FA;301/10070124;2022-11-14;1;PR;21007176;HA MOMENT MBR3D 110 TCBLK;2;00;00;276,00;552;552;|1004484|1012594;
AF0019;WID;FA;301/10070124;2022-11-14;2;AC;21006781;ACC. BTE WPT202 W CABLE EU;1;10000;00;139,00;0;0;|2087505;
AF0012;WID;FA;301/10070125;2022-11-14;1;PR;10995959;HA ACTS AMRB2D PR TCBLK;2;00;00;226,00;452;452;|036131|036141;
AF0012;WID;FA;301/10070125;2022-11-14;2;PD;10983547;REC WIRED M RIC R 1R N.A;1;00;00;29,90;29,9;29,9;|6056651;
AF0012;WID;FA;301/10070125;2022-11-14;3;PD;10983548;REC WIRED M RIC L 1L N.A;1;00;00;29,90;29,9;29,9;|5573553;
AF0011;WID;FA;301/10070126;2022-11-14;1;PR;10995988;HA ACTS AMRR2D PR TCBLK;2;00;00;276,00;552;552;|898125|898135;
AF0011;WID;FA;301/10070126;2022-11-14;2;PD;10990737;REC V.2 RIC M 3R;1;00;00;29,90;29,9;29,9;|1734205;
AF0011;WID;FA;301/10070126;2022-11-14;3;PD;10990738;REC V.2 RIC M 3L;1;00;00;29,90;29,9;29,9;|1746027;
AF0011;WID;FA;301/10070126;2022-11-14;4;AC;21006767;ACC. MRIC CHARGE WPC101 TYP C;1;00;00;105,00;105;105;|0155193;
AF0002;WID;FA;301/10070127;2022-11-14;1;PR;10995960;HA ACTS AMRR2D PH SLVGR;2;00;00;491,00;982;982;|897296|897306;
AF0002;WID;FA;301/10070127;2022-11-14;2;PD;10990735;REC V.2 RIC M 2R;1;00;00;29,90;29,9;29,9;|1726632;
AF0002;WID;FA;301/10070127;2022-11-14;3;PD;10990736;REC V.2 RIC M 2L;1;00;00;29,90;29,9;29,9;|1764753;
AF0002;WID;FA;301/10070127;2022-11-14;4;AC;21006776;ACC. MRIC WPT102 W CABLE EU;1;10000;00;129,00;0;0;|2119435;
AF0002;WID;FA;301/10070128;2022-11-14;1;PD;10983549;REC WIRED M RIC L 2L N.A;1;00;00;29,90;29,9;29,9;|5873815;
AF0002;WID;FA;301/10070128;2022-11-14;2;PD;10983549;REC WIRED M RIC L 2L N.A;1;00;00;29,90;29,9;29,9;|5873845;
AF0012;WID;FA;301/10070143;2022-11-15;1;PT;10536616;FREIGHT;1;00;00;13,49;13,49;13,49;;
AF0019;WID;FA;301/10070144;2022-11-15;1;PT;10536616;FREIGHT;1;00;00;13,49;13,49;13,49;;
AF0019;WID;FA;301/10070144;2022-11-15;2;GAR;10536516;WARRANTY EXTEND 2 YR-HIGH END;2;10000;00;55,00;0;0;;
AF0019;WID;FA;301/10070144;2022-11-15;3;ECO;10539532;TAX 2 ENV CONTRIBUTION;2;00;00;0,02;0,04;0,04;;
AF0019;WID;FA;301/10070144;2022-11-15;4;ECO;10539532;TAX 2 ENV CONTRIBUTION;1;10000;00;0,02;0;0;;
AF0005;WID;FA;301/10070145;2022-11-15;1;PT;10536616;FREIGHT;1;00;00;13,49;13,49;13,49;;
AF0005;WID;FA;301/10070145;2022-11-15;2;GAR;10536516;WARRANTY EXTEND 2 YR-HIGH END;2;10000;00;55,00;0;0;;
AF0012;WID;FA;301/10070146;2022-11-15;1;PD;10983550;REC WIRED M RIC R 3R N.A;1;00;00;29,90;29,9;29,9;|6157162;
AF0012;WID;FA;301/10070146;2022-11-15;2;PD;10983551;REC WIRED M RIC L 3L N.A;1;00;00;29,90;29,9;29,9;|6179487;
AF0019;WID;FA;301/10070147;2022-11-15;1;PR;10995960;HA ACTS AMRR2D PH SLVGR;2;00;00;491,00;982;982;|897266|5706069957259;
AF0019;WID;FA;301/10070147;2022-11-15;2;PD;10990735;REC V.2 RIC M 2R;1;00;00;29,90;29,9;29,9;|1757562;
AF0019;WID;FA;301/10070147;2022-11-15;3;PD;10990736;REC V.2 RIC M 2L;1;00;00;29,90;29,9;29,9;|1753143;
AF0019;WID;FA;301/10070147;2022-11-15;4;AC;21006776;ACC. MRIC WPT102 W CABLE EU;1;10000;00;129,00;0;0;|2119489;
AF0005;WID;FA;301/10070148;2022-11-15;1;PR;10995984;HA ACTS AMRR2D PH GBRN;2;00;00;491,00;982;982;|896968|898850;
AF0005;WID;FA;301/10070148;2022-11-15;2;AC;21006776;ACC. MRIC WPT102 W CABLE EU;1;10000;00;129,00;0;0;|2120021;
AF0005;WID;FA;301/10070148;2022-11-15;3;PD;10990746;REC V.2 RIC P 3R;1;00;00;29,90;29,9;29,9;|1683303;
AF0005;WID;FA;301/10070148;2022-11-15;4;PD;10990747;REC V.2 RIC P 3L;1;00;00;29,90;29,9;29,9;|1701578;
018;WID;FA;301/10070163;2022-11-16;1;PR;10995978;HA ACTS AMRR2D SY TCBLK;2;00;00;412,00;824;824;|897179|897169;
018;WID;FA;301/10070163;2022-11-16;2;AC;21006776;ACC. MRIC WPT102 W CABLE EU;1;10000;00;129,00;0;0;|2119487;
018;WID;FA;301/10070163;2022-11-16;3;PD;10990744;REC V.2 RIC P 2R;1;00;00;29,90;29,9;29,9;|1725969;
018;WID;FA;301/10070163;2022-11-16;4;PD;10990745;REC V.2 RIC P 2L;1;00;00;29,90;29,9;29,9;|1789188;
AF0012;WID;FA;301/10070164;2022-11-16;1;PT;10536616;FREIGHT;1;00;00;13,49;13,49;13,49;;
AF0012;WID;FA;301/10070164;2022-11-16;2;GAR;10536516;WARRANTY EXTEND 2 YR-HIGH END;2;10000;00;55,00;0;0;;
AF0005;WID;FA;301/10070165;2022-11-16;1;PT;10536616;FREIGHT;1;00;00;13,49;13,49;13,49;;
AF0005;WID;FA;301/10070165;2022-11-16;2;GAR;10536516;WARRANTY EXTEND 2 YR-HIGH END;2;10000;00;55,00;0;0;;
AF0002;WID;FA;301/10070166;2022-11-16;1;PT;10536616;FREIGHT;1;00;00;13,49;13,49;13,49;;
AF0002;WID;FA;301/10070166;2022-11-16;2;GAR;10536516;WARRANTY EXTEND 2 YR-HIGH END;1;10000;00;55,00;0;0;;
AF0002;WID;FA;301/10070166;2022-11-16;3;GAR;10536516;WARRANTY EXTEND 2 YR-HIGH END;1;10000;00;55,00;0;0;;
018;WID;FA;301/10070167;2022-11-16;1;PT;10536616;FREIGHT;1;00;00;13,49;13,49;13,49;;
018;WID;FA;301/10070167;2022-11-16;2;GAR;10536516;WARRANTY EXTEND 2 YR-HIGH END;2;10000;00;55,00;0;0;;
AF0303;WID;FA;301/10070169;2022-11-16;1;PT;10536616;FREIGHT;1;00;20;13,49;13,49;16,19;;
AF0303;WID;FA;301/10070169;2022-11-16;2;PD;21008588;SLEEVE POWER XS WIDEX;1;10000;06;10,00;0;0;;
AF0303;WID;FA;301/10070169;2022-11-16;3;PD;21008589;SLEEVE POWER S WIDEX;1;10000;06;10,00;0;0;;
AF0303;WID;FA;301/10070169;2022-11-16;4;PD;21008590;SLEEVE POWER M WIDEX;1;10000;06;10,00;0;0;;
AF0303;WID;FA;301/10070169;2022-11-16;5;PD;21008591;SLEEVE POWER L WIDEX;1;10000;06;10,00;0;0;;
AF0303;WID;FA;301/10070169;2022-11-16;6;PD;10983705;PKG INSTANT TULIP EARTIP M 10;2;10000;06;10,00;0;0;;
AF0303;WID;FA;301/10070169;2022-11-16;7;PD;10983706;PKG INSTANT TULIP EARTIP L 10;3;10000;06;10,00;0;0;;
AF0303;WID;FA;301/10070170;2022-11-16;1;PT;10536616;FREIGHT;1;00;20;13,49;13,49;16,19;;
AF0303;WID;FA;301/10070170;2022-11-16;2;PR;21002786;HA MOM MBB3D 440 SLVGR;2;00;06;491,00;982;1036,01;|1106558|1106616;
AF0303;WID;FA;301/10070170;2022-11-16;3;GAR;10536516;WARRANTY EXTEND 2 YR-HIGH END;2;10000;06;55,00;0;0;;
AF0303;WID;FA;301/10070170;2022-11-16;4;ECO;10539532;TAX 2 ENV CONTRIBUTION;2;00;06;0,02;0,04;0,04;;
AF0012;WID;FA;301/10070171;2022-11-16;1;PR;10995986;HA ACTS AMRR2D PR SLVGR;2;00;00;276,00;552;552;|896966|897049;
AF0012;WID;FA;301/10070171;2022-11-16;2;AC;21006776;ACC. MRIC WPT102 W CABLE EU;1;10000;00;129,00;0;0;|2107070;
AF0012;WID;FA;301/10070171;2022-11-16;3;PD;10990746;REC V.2 RIC P 3R;1;00;00;29,90;29,9;29,9;|1624410;
AF0012;WID;FA;301/10070171;2022-11-16;4;PD;10990747;REC V.2 RIC P 3L;1;00;00;29,90;29,9;29,9;|1753043;
AF0005;WID;FA;301/10070172;2022-11-16;1;PR;10995979;HA ACTS AMRR2D SY SLVGR;2;00;00;412,00;824;824;|897206|897216;
AF0005;WID;FA;301/10070172;2022-11-16;2;AC;21006776;ACC. MRIC WPT102 W CABLE EU;1;10000;00;129,00;0;0;|2133052;
AF0005;WID;FA;301/10070172;2022-11-16;3;PD;10990735;REC V.2 RIC M 2R;1;00;00;29,90;29,9;29,9;|1746607;
AF0005;WID;FA;301/10070172;2022-11-16;4;PD;10990736;REC V.2 RIC M 2L;1;00;00;29,90;29,9;29,9;|1753122;
AF0002;WID;FA;301/10070173;2022-11-16;1;;21007203;HA MOMENT MBR3D 330 SLVGR;1;00;00;412,00;412;412;|1061569;
AF0002;WID;FA;301/10070173;2022-11-16;2;PR;10971944;HA CROS-FS WISLV;1;3000;00;799,00;559,3;559,3;|105551;
AF0002;WID;FA;301/10070173;2022-11-16;3;PR;10972994;HA EVK E-FS-T 110 SLVGR;1;00;00;226,00;226;226;|325382;
AF0002;WID;FA;301/10070173;2022-11-16;4;PD;10977927;REC WIRED M RIC R 2R N.A;1;00;00;29,90;29,9;29,9;|6097782;
AF0002;WID;FA;301/10070173;2022-11-16;5;PD;10983549;REC WIRED M RIC L 2L N.A;1;00;00;29,90;29,9;29,9;|6062199;
AF0019;WID;FA;301/10070191;2022-11-17;1;PR;10995986;HA ACTS AMRR2D PR SLVGR;2;00;00;276,00;552;552;|897795|898680;
AF0019;WID;FA;301/10070191;2022-11-17;2;PD;10990735;REC V.2 RIC M 2R;1;00;00;29,90;29,9;29,9;|1707551;
AF0019;WID;FA;301/10070191;2022-11-17;3;PD;10990736;REC V.2 RIC M 2L;1;00;00;29,90;29,9;29,9;|1753159;
AF0019;WID;FA;301/10070191;2022-11-17;4;AC;21006776;ACC. MRIC WPT102 W CABLE EU;1;10000;00;129,00;0;0;|2132809;
AF0017;WID;FA;301/10070192;2022-11-17;1;PT;10536616;FREIGHT;1;00;00;13,49;13,49;13,49;;
AF0017;WID;FA;301/10070192;2022-11-17;2;GAR;10536516;WARRANTY EXTEND 2 YR-HIGH END;1;10000;00;55,00;0;0;;
018;WID;FA;301/10070193;2022-11-17;1;PT;10536616;FREIGHT;1;00;00;13,49;13,49;13,49;;
018;WID;FA;301/10070193;2022-11-17;2;GAR;10536516;WARRANTY EXTEND 2 YR-HIGH END;2;10000;00;55,00;0;0;;
AF0019;WID;FA;301/10070194;2022-11-17;1;PT;10536616;FREIGHT;1;00;00;13,49;13,49;13,49;;
AF0019;WID;FA;301/10070194;2022-11-17;2;GAR;10536516;WARRANTY EXTEND 2 YR-HIGH END;2;10000;00;55,00;0;0;;
AF0019;WID;FA;301/10070194;2022-11-17;3;ECO;10539532;TAX 2 ENV CONTRIBUTION;2;00;00;0,02;0,04;0,04;;
AF0019;WID;FA;301/10070194;2022-11-17;4;ECO;10539532;TAX 2 ENV CONTRIBUTION;1;10000;00;0,02;0;0;;
AF0017;WID;FA;301/10070195;2022-11-17;1;PR;10995969;HA ACTS AMRB2D CO SLVGR;1;00;00;332,00;332;332;|038928;
AF0017;WID;FA;301/10070195;2022-11-17;2;PD;10983547;REC WIRED M RIC R 1R N.A;1;00;00;29,90;29,9;29,9;|6016299;
018;WID;FA;301/10070196;2022-11-17;1;PR;10995977;HA ACTS AMRR2D CO SLVGR;2;00;00;332,00;664;664;|898940|897116;
018;WID;FA;301/10070196;2022-11-17;2;AC;21006776;ACC. MRIC WPT102 W CABLE EU;1;10000;00;129,00;0;0;|2144803;
018;WID;FA;301/10070196;2022-11-17;3;PD;10990735;REC V.2 RIC M 2R;1;00;00;29,90;29,9;29,9;|1762725;
018;WID;FA;301/10070196;2022-11-17;4;PD;10990745;REC V.2 RIC P 2L;1;00;00;29,90;29,9;29,9;|1770075;
AF0002;WID;FA;301/10070211;2022-11-18;1;PT;10536616;FREIGHT;1;00;00;13,49;13,49;13,49;;
018;WID;FA;301/10070212;2022-11-18;1;PT;10536616;FREIGHT;1;00;00;13,49;13,49;13,49;;
AF0303;WID;FA;301/10070213;2022-11-18;1;PT;10536616;FREIGHT;1;00;20;13,49;13,49;16,19;;
AF0303;WID;FA;301/10070213;2022-11-18;2;;10988220;HA MOMENT MRR2D 440 DEM SLVGR;2;00;06;150,00;300;316,5;|753999|794046;
AF0303;WID;FA;301/10070213;2022-11-18;3;GAR;10536516;WARRANTY EXTEND 2 YR-HIGH END;2;10000;06;55,00;0;0;;
AF0303;WID;FA;301/10070213;2022-11-18;4;ECO;10539532;TAX 2 ENV CONTRIBUTION;2;00;06;0,02;0,04;0,04;;
AF0303;WID;FA;301/10070213;2022-11-18;5;PD;10990735;REC V.2 RIC M 2R;1;00;06;29,90;29,9;31,54;|1748451;
AF0303;WID;FA;301/10070213;2022-11-18;6;PD;10990736;REC V.2 RIC M 2L;1;00;06;29,90;29,9;31,54;|1758384;
AF0303;WID;FA;301/10070213;2022-11-18;7;AC;21006776;ACC. MRIC WPT102 W CABLE EU;1;10000;06;129,00;0;0;|2133107;
AF0303;WID;FA;301/10070213;2022-11-18;8;ECO;10539532;TAX 2 ENV CONTRIBUTION;1;10000;06;0,02;0;0;;
AF0303;WID;FA;301/10070213;2022-11-18;9;AC;10985615;ACC. REMOTE LINK KIT PACK;1;00;06;139,00;139;146,65;|128620;
AF0303;WID;FA;301/10070213;2022-11-18;10;ECO;10539533;TAX 3 ENV CONTRIBUTION;1;00;06;0,06;0,06;0,06;;
018;WID;FA;301/10070214;2022-11-18;1;PD;10983705;PKG INSTANT TULIP EARTIP M 10;6;10000;00;10,00;0;0;;
018;WID;FA;301/10070214;2022-11-18;2;PD;10983706;PKG INSTANT TULIP EARTIP L 10;7;10000;00;10,00;0;0;;
018;WID;FA;301/10070214;2022-11-18;3;PD;10983708;PKG DOUBLE EARTIP S 10;5;10000;00;10,00;0;0;;
018;WID;FA;301/10070214;2022-11-18;4;PD;10983709;PKG DOUBLE EARTIP M 10;3;10000;00;10,00;0;0;;
018;WID;FA;301/10070214;2022-11-18;5;PD;10983710;PKG DOUBLE EARTIP L 10;2;10000;00;10,00;0;0;;
018;WID;FA;301/10070214;2022-11-18;6;PD;10983715;INSTANT ROUND EARTIP S TWO VEN;5;10000;00;10,00;0;0;;
018;WID;FA;301/10070214;2022-11-18;7;PD;10983716;INSTANT ROUND EARTIP M TWO VEN;6;10000;00;10,00;0;0;;
018;WID;FA;301/10070214;2022-11-18;8;PD;10983717;INSTANT ROUND EARTIP L TWO VEN;5;10000;00;10,00;0;0;;
018;WID;FA;301/10070214;2022-11-18;9;PD;10983703;PKG INSTANT OPEN EARTIP S 10;2;10000;00;10,00;0;0;;
018;WID;FA;301/10070214;2022-11-18;10;PD;10983704;PKG INSTANT OPEN EARTIP L 10;5;10000;00;10,00;0;0;;
018;WID;FA;301/10070214;2022-11-18;11;PD;10990734;REC V.2 RIC M 1L;1;00;00;29,90;29,9;29,9;|1717125;
018;WID;FA;301/10070214;2022-11-18;12;PD;10990736;REC V.2 RIC M 2L;1;00;00;29,90;29,9;29,9;|1758149;
018;WID;FA;301/10070214;2022-11-18;13;PD;10990738;REC V.2 RIC M 3L;1;00;00;29,90;29,9;29,9;|1743956;
018;WID;FA;301/10070214;2022-11-18;14;PD;10990744;REC V.2 RIC P 2R;1;00;00;29,90;29,9;29,9;|1733421;
018;WID;FA;301/10070214;2022-11-18;15;PD;10990746;REC V.2 RIC P 3R;1;00;00;29,90;29,9;29,9;|1686752;
018;WID;FA;301/10070214;2022-11-18;16;PD;10990745;REC V.2 RIC P 2L;1;00;00;29,90;29,9;29,9;|1766751;
018;WID;FA;301/10070214;2022-11-18;17;PD;10990747;REC V.2 RIC P 3L;1;00;00;29,90;29,9;29,9;|1273983;
AF0005;WID;FA;301/10070237;2022-11-21;1;PT;10536616;FREIGHT;1;00;00;13,49;13,49;13,49;;
AF0005;WID;FA;301/10070237;2022-11-21;2;GAR;10536516;WARRANTY EXTEND 2 YR-HIGH END;2;10000;00;55,00;0;0;;
AF0005;WID;FA;301/10070240;2022-11-21;1;PR;10995960;HA ACTS AMRR2D PH SLVGR;2;00;00;491,00;982;982;|896949|896979;
AF0005;WID;FA;301/10070240;2022-11-21;2;AC;21006776;ACC. MRIC WPT102 W CABLE EU;1;10000;00;129,00;0;0;|2144813;
AF0005;WID;FA;301/10070240;2022-11-21;3;PD;10990736;REC V.2 RIC M 2L;1;00;00;29,90;29,9;29,9;|1751014;
AF0005;WID;FA;301/10070240;2022-11-21;4;PD;10990744;REC V.2 RIC P 2R;1;00;00;29,90;29,9;29,9;|1723292;
AF0003;WID;FA;301/10070241;2022-11-21;1;PR;10972994;HA EVK E-FS-T 110 SLVGR;2;00;00;226,00;452;452;|325572|325555;
AF0003;WID;FA;301/10070241;2022-11-21;2;PD;10983550;REC WIRED M RIC R 3R N.A;1;00;00;29,90;29,9;29,9;|6117196;
AF0003;WID;FA;301/10070241;2022-11-21;3;PD;10983551;REC WIRED M RIC L 3L N.A;1;00;00;29,90;29,9;29,9;|6111253;
AF0569;WID;FA;301/10070259;2022-11-22;1;PT;10536616;FREIGHT;1;00;00;13,49;13,49;13,49;;
AF0569;WID;FA;301/10070259;2022-11-22;2;PD;10982657;BTY DRAWER PA RB0 NANO WABG;5;10000;00;7,50;0;0;;
AF0569;WID;FA;301/10070259;2022-11-22;3;PD;10982658;BTY DRAWER PA RB0 NANO BRN3;5;10000;00;7,50;0;0;;
AF0569;WID;FA;301/10070259;2022-11-22;4;PD;10982660;BTY DRAWER PA RB0 NANO BLK2;5;10000;00;7,50;0;0;;
AF0569;WID;FA;301/10070259;2022-11-22;5;PD;10982661;BTY DRAWER PA RB0 NANO WHT2;5;10000;00;7,50;0;0;;
AF0569;WID;FA;301/10070259;2022-11-22;6;PD;10982662;BTY DRAWER PA RB0 NANO GR4;5;10000;00;7,50;0;0;;
AF0569;WID;FA;301/10070259;2022-11-22;7;PD;10982664;BTY DRAWER PA RB0 NANO HNY;5;10000;00;7,50;0;0;;
AF0569;WID;FA;301/10070259;2022-11-22;8;PD;10982666;BTY DRAWER PA RB0 NANO CRN;5;10000;00;7,50;0;0;;
AF0569;WID;FA;301/10070259;2022-11-22;9;PD;10982663;BTY DRAWER PARB0 NANO LTGR4;5;10000;00;7,50;0;0;;
AF0005;WID;FA;301/10070260;2022-11-22;1;PT;10536616;FREIGHT;1;00;00;13,49;13,49;13,49;;
AF0303;WID;FA;301/10070262;2022-11-22;1;PT;10536616;FREIGHT;1;00;20;13,49;13,49;16,19;;
AF0303;WID;FA;301/10070262;2022-11-22;2;PR;21002745;HA MOM MBB3D 110 SLVGR;2;00;06;226,00;452;476,86;|1018496|1107774;
AF0303;WID;FA;301/10070262;2022-11-22;3;GAR;10536516;WARRANTY EXTEND 2 YR-HIGH END;2;10000;06;55,00;0;0;;
AF0303;WID;FA;301/10070262;2022-11-22;4;ECO;10539532;TAX 2 ENV CONTRIBUTION;2;00;06;0,02;0,04;0,04;;
AF0303;WID;FA;301/10070262;2022-11-22;5;AC;21006781;ACC. BTE WPT202 W CABLE EU;1;10000;06;139,00;0;0;|2086424;
AF0303;WID;FA;301/10070262;2022-11-22;6;ECO;10539532;TAX 2 ENV CONTRIBUTION;1;10000;06;0,02;0;0;;
AF0005;WID;FA;301/10070263;2022-11-22;1;PD;10983549;REC WIRED M RIC L 2L N.A;4;00;00;29,90;119,6;119,6;|6107267|6108388|6087151|6126008;
AF0303;WID;FA;301/10070279;2022-11-23;1;PT;10536616;FREIGHT;1;00;20;13,49;13,49;16,19;;
AF0303;WID;FA;301/10070279;2022-11-23;2;PR;10985462;HA MOMENT MRR2D 220 SLVGR;2;00;06;332,00;664;700,52;|1087443|1087513;
AF0303;WID;FA;301/10070279;2022-11-23;3;GAR;10536516;WARRANTY EXTEND 2 YR-HIGH END;2;10000;06;55,00;0;0;;
AF0303;WID;FA;301/10070279;2022-11-23;4;ECO;10539532;TAX 2 ENV CONTRIBUTION;2;00;06;0,02;0,04;0,04;;
AF0005;WID;FA;301/10070280;2022-11-23;1;PT;10536616;FREIGHT;1;00;00;13,49;13,49;13,49;;
AF0005;WID;FA;301/10070280;2022-11-23;2;GAR;10536516;WARRANTY EXTEND 2 YR-HIGH END;2;10000;00;55,00;0;0;;
AF0005;WID;FA;301/10070280;2022-11-23;3;GAR;10536516;WARRANTY EXTEND 2 YR-HIGH END;1;10000;00;55,00;0;0;;
AF0003;WID;FA;301/10070281;2022-11-23;1;PT;10536616;FREIGHT;1;00;00;13,49;13,49;13,49;;
AF0003;WID;FA;301/10070281;2022-11-23;2;GAR;10536516;WARRANTY EXTEND 2 YR-HIGH END;2;10000;00;55,00;0;0;;
AF0005;WID;FA;301/10070282;2022-11-23;1;PR;10995977;HA ACTS AMRR2D CO SLVGR;2;00;00;332,00;664;664;|898748|898621;
AF0005;WID;FA;301/10070282;2022-11-23;2;AC;21006767;ACC. MRIC CHARGE WPC101 TYP C;1;00;00;105,00;105;105;|0149301;
AF0005;WID;FA;301/10070282;2022-11-23;3;PD;10990737;REC V.2 RIC M 3R;1;00;00;29,90;29,9;29,9;|1665636;
AF0005;WID;FA;301/10070282;2022-11-23;4;PD;10990747;REC V.2 RIC P 3L;1;00;00;29,90;29,9;29,9;|1495576;
AF0005;WID;FA;301/10070282;2022-11-23;5;AC;10985616;ACC. TV PLAY KIT LANG PACK 1;1;2000;00;179,00;143,2;143,2;|091069;
AF0005;WID;FA;301/10070282;2022-11-23;6;PR;10995986;HA ACTS AMRR2D PR SLVGR;1;00;00;276,00;276;276;|897137;
AF0005;WID;FA;301/10070282;2022-11-23;7;AC;21006767;ACC. MRIC CHARGE WPC101 TYP C;1;00;00;105,00;105;105;|0150178;
AF0005;WID;FA;301/10070282;2022-11-23;8;PD;10990738;REC V.2 RIC M 3L;1;00;00;29,90;29,9;29,9;|1739529;
AF0003;WID;FA;301/10070283;2022-11-23;1;PR;10995955;HA ACTS AMRB0 PH SLVGR;2;00;00;465,00;930;930;|146224|148004;
AF0003;WID;FA;301/10070283;2022-11-23;2;PD;10977927;REC WIRED M RIC R 2R N.A;1;00;00;29,90;29,9;29,9;|6234085;
AF0003;WID;FA;301/10070283;2022-11-23;3;PD;10983549;REC WIRED M RIC L 2L N.A;1;00;00;29,90;29,9;29,9;|6077308;
AF0005;WID;FA;301/10070301;2022-11-24;1;PR;10995957;HA ACTS AMRB2D SY SLVGR;2;00;00;412,00;824;824;|039068|038988;
AF0005;WID;FA;301/10070301;2022-11-24;2;PD;10983549;REC WIRED M RIC L 2L N.A;1;00;00;29,90;29,9;29,9;|6168822;
AF0005;WID;FA;301/10070301;2022-11-24;3;PD;10977927;REC WIRED M RIC R 2R N.A;1;00;00;29,90;29,9;29,9;|6233995;
AF0005;WID;FA;301/10070302;2022-11-24;1;PT;10536616;FREIGHT;1;00;00;13,49;13,49;13,49;;
AF0005;WID;FA;301/10070302;2022-11-24;2;GAR;10536516;WARRANTY EXTEND 2 YR-HIGH END;2;10000;00;55,00;0;0;;
AF0005;WID;FA;301/10070303;2022-11-24;1;PT;10536616;FREIGHT;1;00;00;13,49;13,49;13,49;;
AF0005;WID;FA;301/10070303;2022-11-24;2;GAR;10536516;WARRANTY EXTEND 2 YR-HIGH END;2;10000;00;55,00;0;0;;
AF0017;WID;FA;301/10070304;2022-11-24;1;PT;10536616;FREIGHT;1;00;00;13,49;13,49;13,49;;
AF0017;WID;FA;301/10070304;2022-11-24;2;GAR;10536516;WARRANTY EXTEND 2 YR-HIGH END;1;10000;00;55,00;0;0;;
AF0002;WID;FA;301/10070305;2022-11-24;1;PT;10536616;FREIGHT;1;00;00;13,49;13,49;13,49;;
AF0002;WID;FA;301/10070305;2022-11-24;2;GAR;10536516;WARRANTY EXTEND 2 YR-HIGH END;2;10000;00;55,00;0;0;;
AF0019;WID;FA;301/10070306;2022-11-24;1;PT;10536616;FREIGHT;1;00;00;13,49;13,49;13,49;;
AF0019;WID;FA;301/10070306;2022-11-24;2;GAR;10536516;WARRANTY EXTEND 2 YR-HIGH END;2;10000;00;55,00;0;0;;
AF0019;WID;FA;301/10070306;2022-11-24;3;ECO;10539532;TAX 2 ENV CONTRIBUTION;2;00;00;0,02;0,04;0,04;;
AF0019;WID;FA;301/10070306;2022-11-24;4;ECO;10539532;TAX 2 ENV CONTRIBUTION;1;10000;00;0,02;0;0;;
AF0005;WID;FA;301/10070307;2022-11-24;1;PT;10536616;FREIGHT;1;00;00;13,49;13,49;13,49;;
AF0005;WID;FA;301/10070308;2022-11-24;1;PT;10536616;FREIGHT;1;00;00;13,49;13,49;13,49;;
AF0005;WID;FA;301/10070308;2022-11-24;2;GAR;10536516;WARRANTY EXTEND 2 YR-HIGH END;2;10000;00;55,00;0;0;;
AF0012;WID;FA;301/10070309;2022-11-24;1;PT;10536616;FREIGHT;1;00;00;13,49;13,49;13,49;;
AF0012;WID;FA;301/10070309;2022-11-24;2;GAR;10536516;WARRANTY EXTEND 2 YR-HIGH END;1;10000;00;55,00;0;0;;
AF0005;WID;FA;301/10070310;2022-11-24;1;PR;10995976;HA ACTS AMRR2D PR GBRN;2;00;00;276,00;552;552;|897339|897329;
AF0005;WID;FA;301/10070310;2022-11-24;2;AC;21006776;ACC. MRIC WPT102 W CABLE EU;1;10000;00;129,00;0;0;|2120503;
AF0005;WID;FA;301/10070310;2022-11-24;3;PD;10990735;REC V.2 RIC M 2R;1;00;00;29,90;29,9;29,9;|1635408;
AF0005;WID;FA;301/10070310;2022-11-24;4;PD;10990736;REC V.2 RIC M 2L;1;00;00;29,90;29,9;29,9;|1731185;
AF0017;WID;FA;301/10070311;2022-11-24;1;PR;10989296;HA EVK E-FP T 220 SLVGR;1;00;00;305,00;305;305;|282720;
AF0002;WID;FA;301/10070312;2022-11-24;1;PR;10995989;HA ACTS AMRR2D CO TCBLK;2;00;00;332,00;664;664;|901683|898802;
AF0002;WID;FA;301/10070312;2022-11-24;2;PD;10990744;REC V.2 RIC P 2R;1;00;00;29,90;29,9;29,9;|1735213;
AF0002;WID;FA;301/10070312;2022-11-24;3;PD;10990736;REC V.2 RIC M 2L;1;00;00;29,90;29,9;29,9;|1755473;
AF0002;WID;FA;301/10070312;2022-11-24;4;AC;21006776;ACC. MRIC WPT102 W CABLE EU;1;10000;00;129,00;0;0;|2119575;
AF0002;WID;FA;301/10070312;2022-11-24;5;PD;10983550;REC WIRED M RIC R 3R N.A;1;00;00;29,90;29,9;29,9;|6117205;
AF0002;WID;FA;301/10070312;2022-11-24;6;PD;10983551;REC WIRED M RIC L 3L N.A;1;00;00;29,90;29,9;29,9;|6229629;
AF0019;WID;FA;301/10070313;2022-11-24;1;PR;10995978;HA ACTS AMRR2D SY TCBLK;2;00;00;412,00;824;824;|897117|897097;
AF0019;WID;FA;301/10070313;2022-11-24;2;PD;10990735;REC V.2 RIC M 2R;1;00;00;29,90;29,9;29,9;|1742385;
AF0019;WID;FA;301/10070313;2022-11-24;3;PD;10990736;REC V.2 RIC M 2L;1;00;00;29,90;29,9;29,9;|1759348;
AF0019;WID;FA;301/10070313;2022-11-24;4;AC;21006776;ACC. MRIC WPT102 W CABLE EU;1;10000;00;129,00;0;0;|2119580;
AF0005;WID;FA;301/10070315;2022-11-24;1;PR;10995983;HA ACTS AMRR2D PH TCBLK;2;00;00;491,00;982;982;|897299|897289;
AF0005;WID;FA;301/10070315;2022-11-24;2;AC;21006776;ACC. MRIC WPT102 W CABLE EU;1;10000;00;129,00;0;0;|2132773;
AF0005;WID;FA;301/10070315;2022-11-24;3;PD;10990737;REC V.2 RIC M 3R;1;00;00;29,90;29,9;29,9;|1735016;
AF0005;WID;FA;301/10070315;2022-11-24;4;PD;10990738;REC V.2 RIC M 3L;1;00;00;29,90;29,9;29,9;|1702792;
AF0012;WID;FA;301/10070316;2022-11-24;1;PR;10995986;HA ACTS AMRR2D PR SLVGR;1;00;00;276,00;276;276;|897975;
AF0012;WID;FA;301/10070316;2022-11-24;2;PD;10990738;REC V.2 RIC M 3L;1;00;00;29,90;29,9;29,9;|1706748;
AF0005;WID;FA;301/10070334;2022-11-25;1;PR;10995958;HA ACTS AMRB2D PH SLVGR;2;00;00;491,00;982;982;|038878|038868;
AF0005;WID;FA;301/10070334;2022-11-25;2;PD;10983559;REC WIRED P RIC L 2L N.A;1;00;00;29,90;29,9;29,9;|1664855;
AF0005;WID;FA;301/10070334;2022-11-25;3;PD;10983558;REC WIRED P RIC R 2R N.A;1;00;00;29,90;29,9;29,9;|1668080;
AF0005;WID;FA;301/10070335;2022-11-25;1;PT;10536616;FREIGHT;1;00;00;13,49;13,49;13,49;;
AF0005;WID;FA;301/10070335;2022-11-25;2;GAR;10536516;WARRANTY EXTEND 2 YR-HIGH END;2;10000;00;55,00;0;0;;
AF0019;WID;FA;301/10070366;2022-11-28;1;PT;10536616;FREIGHT;1;00;00;13,49;13,49;13,49;;
AF0019;WID;FA;301/10070366;2022-11-28;2;GAR;10536516;WARRANTY EXTEND 2 YR-HIGH END;1;10000;00;55,00;0;0;;
AF0019;WID;FA;301/10070366;2022-11-28;3;ECO;10539532;TAX 2 ENV CONTRIBUTION;1;00;00;0,02;0,02;0,02;;
AF0019;WID;FA;301/10070367;2022-11-28;1;PT;10536616;FREIGHT;1;00;00;13,49;13,49;13,49;;
AF0019;WID;FA;301/10070367;2022-11-28;2;GAR;10536516;WARRANTY EXTEND 2 YR-HIGH END;2;10000;00;55,00;0;0;;
AF0019;WID;FA;301/10070367;2022-11-28;3;ECO;10539532;TAX 2 ENV CONTRIBUTION;2;00;00;0,02;0,04;0,04;;
AF0005;WID;FA;301/10070368;2022-11-28;1;PT;10536616;FREIGHT;1;00;00;13,49;13,49;13,49;;
AF0019;WID;FA;301/10070369;2022-11-28;1;PR;10995973;HA ACTS AMRB0 CO GBRN;2;00;00;305,00;610;610;|146194|146184;
AF0019;WID;FA;301/10070369;2022-11-28;2;PD;10983547;REC WIRED M RIC R 1R N.A;1;00;00;29,90;29,9;29,9;|5888317;
AF0019;WID;FA;301/10070369;2022-11-28;3;PD;10983548;REC WIRED M RIC L 1L N.A;1;00;00;29,90;29,9;29,9;|5588710;
AF0019;WID;FA;301/10070371;2022-11-28;1;PR;10985010;HA EVK E-FM 110 SLVGR;1;00;00;226,00;226;226;|028874;
AF0019;WID;FA;301/10070385;2022-11-29;1;PT;10536616;FREIGHT;1;00;00;13,49;13,49;13,49;;
AF0019;WID;FA;301/10070385;2022-11-29;2;GAR;10536516;WARRANTY EXTEND 2 YR-HIGH END;1;10000;00;55,00;0;0;;
AF0019;WID;FA;301/10070385;2022-11-29;3;ECO;10539532;TAX 2 ENV CONTRIBUTION;1;00;00;0,02;0,02;0,02;;
AF0019;WID;FA;301/10070385;2022-11-29;4;ECO;10539532;TAX 2 ENV CONTRIBUTION;1;00;00;0,02;0,02;0,02;;
AF0003;WID;FA;301/10070386;2022-11-29;1;PT;10536616;FREIGHT;1;00;00;13,49;13,49;13,49;;
AF0003;WID;FA;301/10070386;2022-11-29;2;GAR;10536516;WARRANTY EXTEND 2 YR-HIGH END;2;10000;00;55,00;0;0;;
AF0019;WID;FA;301/10070387;2022-11-29;1;PR;10971944;HA CROS-FS WISLV;1;3000;00;799,00;559,3;559,3;|105519;
AF0019;WID;FA;301/10070387;2022-11-29;2;PD;10983550;REC WIRED M RIC R 3R N.A;1;00;00;29,90;29,9;29,9;|5519405;
AF0019;WID;FA;301/10070388;2022-11-29;1;PR;10972994;HA EVK E-FS-T 110 SLVGR;1;00;00;226,00;226;226;|294703;
AF0019;WID;FA;301/10070388;2022-11-29;2;PD;10983537;REC WIRED S RIC R 1R N.A;1;00;00;29,90;29,9;29,9;|2349342;
AF0019;WID;FA;301/10070388;2022-11-29;3;PD;10983538;REC WIRED S RIC L 1L N.A;1;00;00;29,90;29,9;29,9;|2362378;
AF0019;WID;FA;301/10070388;2022-11-29;4;PR;10971944;HA CROS-FS WISLV;1;3000;00;799,00;559,3;559,3;|105627;
AF0003;WID;FA;301/10070389;2022-11-29;1;PR;10995969;HA ACTS AMRB2D CO SLVGR;2;00;00;332,00;664;664;|038898|038918;
AF0003;WID;FA;301/10070389;2022-11-29;2;PD;10990744;REC V.2 RIC P 2R;1;00;00;29,90;29,9;29,9;|1740114;
AF0003;WID;FA;301/10070389;2022-11-29;3;PD;10990738;REC V.2 RIC M 3L;1;00;00;29,90;29,9;29,9;|0456605;
AF0019;WID;FA;301/10070390;2022-11-29;1;PT;10536616;FREIGHT;1;00;00;13,49;13,49;13,49;;
AF0019;WID;FA;301/10070390;2022-11-29;2;ECO;10539532;TAX 2 ENV CONTRIBUTION;1;00;00;0,02;0,02;0,02;;
AF0002;WID;FA;301/10070574;2022-11-30;1;PT;10536616;FREIGHT;1;00;00;13,49;13,49;13,49;;
AF0002;WID;FA;301/10070574;2022-11-30;2;GAR;10536516;WARRANTY EXTEND 2 YR-HIGH END;1;10000;00;55,00;0;0;;
AF0012;WID;FA;301/10070575;2022-11-30;1;PT;10536616;FREIGHT;1;00;00;13,49;13,49;13,49;;
AF0017;WID;FA;301/10070576;2022-11-30;1;PD;10990744;REC V.2 RIC P 2R;1;00;00;29,90;29,9;29,9;|1736968;
AF0017;WID;FA;301/10070576;2022-11-30;2;PD;10990745;REC V.2 RIC P 2L;1;00;00;29,90;29,9;29,9;|1795757;
AF0002;WID;FA;301/10070577;2022-11-30;1;PR;10995979;HA ACTS AMRR2D SY SLVGR;1;00;00;412,00;412;412;|897314;
AF0002;WID;FA;301/10070577;2022-11-30;2;PD;10990735;REC V.2 RIC M 2R;1;00;00;29,90;29,9;29,9;|1638328;
AF0002;WID;FA;301/10070577;2022-11-30;3;PD;10990736;REC V.2 RIC M 2L;1;00;00;29,90;29,9;29,9;|1553809;
AF0012;WID;FA;301/10070578;2022-11-30;1;PD;10983707;PKG DOUBLE EARTIP XS 10;1;10000;00;10,00;0;0;;
AF0012;WID;FA;301/10070578;2022-11-30;2;PD;10983708;PKG DOUBLE EARTIP S 10;1;10000;00;10,00;0;0;;
AF0012;WID;FA;301/10070578;2022-11-30;3;PD;10983709;PKG DOUBLE EARTIP M 10;1;10000;00;10,00;0;0;;
AF0012;WID;FA;301/10070578;2022-11-30;4;PD;10983705;PKG INSTANT TULIP EARTIP M 10;1;10000;00;10,00;0;0;;
AF0012;WID;FA;301/10070578;2022-11-30;5;PD;10983706;PKG INSTANT TULIP EARTIP L 10;1;10000;00;10,00;0;0;;
AF0012;WID;FA;301/10070578;2022-11-30;6;PD;10983712;INSTANT ROUND EARTIP S ONE VEN;1;10000;00;10,00;0;0;;
AF0012;WID;FA;301/10070578;2022-11-30;7;PD;10983715;INSTANT ROUND EARTIP S TWO VEN;1;10000;00;10,00;0;0;;
AF0012;WID;FA;301/10070578;2022-11-30;8;PD;21008589;SLEEVE POWER S WIDEX;1;10000;00;10,00;0;0;;
AF0012;WID;FA;301/10070578;2022-11-30;9;PD;10983560;REC WIRED P RIC R 3R N.A;1;00;00;29,90;29,9;29,9;|1662481;
AF0012;WID;FA;301/10070578;2022-11-30;10;PD;10983561;REC WIRED P RIC L 3L N.A;1;00;00;29,90;29,9;29,9;|1663070;
AF0012;WID;FA;301/10070578;2022-11-30;11;PD;10983551;REC WIRED M RIC L 3L N.A;1;00;00;29,90;29,9;29,9;|6229626;
AF0012;WID;FA;301/10070578;2022-11-30;12;PD;10983549;REC WIRED M RIC L 2L N.A;1;00;00;29,90;29,9;29,9;|6226366;
AF0017;WID;FA;301/10070579;2022-11-30;1;PT;10536616;FREIGHT;1;00;00;13,49;13,49;13,49;;
018;WID;FA;301/10071245;2022-11-30;1;PR;10995987;HA ACTS AMRR2D CO GBRN;2;00;00;332,00;664;664;|897257|897237;
018;WID;FA;301/10071245;2022-11-30;2;AC;21006776;ACC. MRIC WPT102 W CABLE EU;1;10000;00;129,00;0;0;|2132503;
018;WID;FA;301/10071245;2022-11-30;3;PD;10990733;REC V.2 RIC M 1R;1;00;00;29,90;29,9;29,9;|1710161;
018;WID;FA;301/10071245;2022-11-30;4;PD;10990734;REC V.2 RIC M 1L;1;00;00;29,90;29,9;29,9;|1718853;
018;WID;FA;301/10071246;2022-11-30;1;PT;10536616;FREIGHT;1;00;00;13,49;13,49;13,49;;
018;WID;FA;301/10071246;2022-11-30;2;GAR;10536516;WARRANTY EXTEND 2 YR-HIGH END;2;10000;00;55,00;0;0;;
018;WID;FA;301/10071247;2022-11-30;1;PT;10536616;FREIGHT;1;00;00;13,49;13,49;13,49;;
018;WID;FA;301/10071247;2022-11-30;2;GAR;10536516;WARRANTY EXTEND 2 YR-HIGH END;2;10000;00;55,00;0;0;;
018;WID;FA;301/10071248;2022-11-30;1;PR;10995979;HA ACTS AMRR2D SY SLVGR;2;00;00;412,00;824;824;|897174|897294;
018;WID;FA;301/10071248;2022-11-30;2;AC;21006776;ACC. MRIC WPT102 W CABLE EU;1;10000;00;129,00;0;0;|2132591;
018;WID;FA;301/10071248;2022-11-30;3;PD;10990733;REC V.2 RIC M 1R;1;00;00;29,90;29,9;29,9;|1718061;
018;WID;FA;301/10071248;2022-11-30;4;PD;10990734;REC V.2 RIC M 1L;1;00;00;29,90;29,9;29,9;|1659228;
AF0019;WID;AV;302/10007754;2022-11-04;1;RRR;10240160;DISCOUNT COMMERCIAL GESTURE;0;00;00;0,00;-134,1;-134,1;;
AF0019;WID;AV;302/10007754;2022-11-04;2;RRR;10240160;DISCOUNT COMMERCIAL GESTURE;0;00;00;0,00;-134,1;-134,1;;
AF0019;WID;AV;302/10007754;2022-11-04;3;PT;10536616;FREIGHT;0;00;00;0,00;-13,49;-13,49;;
AF0011;WID;AV;302/10007757;2022-11-04;1;;21007190;HA MOMENT MBR3D 220 SLVGR;2;00;00;-332,00;-664;-664;|1033659|1025228;
AF0012;WID;AV;302/10007765;2022-11-10;1;PR;10990754;HA EVK EBB3D TCBLK;2;00;00;-226,00;-452;-452;|1138221|1138220;
AF0003;WID;AV;302/10007766;2022-11-10;1;PR;10995960;HA ACTS AMRR2D PH SLVGR;2;00;00;-491,00;-982;-982;|900133|900103;
AF0003;WID;AV;302/10007766;2022-11-10;2;PR;10995960;HA ACTS AMRR2D PH SLVGR;2;00;00;-491,00;-982;-982;|898796|899158;
AF0005;WID;AV;302/10007767;2022-11-14;1;PR;10995967;HA ACTS AMRB2D PR SLVGR;1;00;00;-226,00;-226;-226;|039022;
AF0005;WID;AV;302/10007768;2022-11-14;1;PR;10985514;HA MOMENT MRB2D 330 SLVGR;1;00;00;-412,00;-412;-412;|017959;
AF0005;WID;AV;302/10007773;2022-11-16;1;;21014308;HA MOMENT MRR4D 440 DEM SLVGR;1;00;00;-150,00;-150;-150;|1038636;
AF0005;WID;AV;302/10007781;2022-11-21;1;;21007219;HA MOMENT MBR3D 440 ATBG;2;00;00;-491,00;-982;-982;|1003619|1003599;
AF0003;WID;AV;302/10007785;2022-11-21;1;AC;21006776;ACC. MRIC WPT102 W CABLE EU;1;10000;00;-129,00;0;0;|2107213;
AF0003;WID;AV;302/10007785;2022-11-21;2;PR;10995983;HA ACTS AMRR2D PH TCBLK;2;00;00;-491,00;-982;-982;|899953|899029;
AF0005;WID;AV;302/10007786;2022-11-21;1;PR;10985205;HA EVK ERB2D 440 SGLD;1;00;00;-491,00;-491;-491;|168830;
AF0303;WID;AV;302/10007790;2022-11-24;1;;21007318;HA MOMENT MBR3D 440 DEM SLVGR;1;00;06;-150,00;-150;-158,25;|1061882;
AF0303;WID;AV;302/10007791;2022-11-24;1;GAR;10536516;WARRANTY EXTEND 2 YR-HIGH END;1;10000;06;-55,00;0;0;;
AF0303;WID;AV;302/10007791;2022-11-24;2;ECO;10539532;TAX 2 ENV CONTRIBUTION;1;00;06;-0,02;-0,02;-0,02;;
AF0019;WID;AV;302/10007793;2022-11-25;1;PR;10985177;HA ACTS AF2 EPH Z E440 SLVGR;0;00;00;0,00;-491;-491;;
AF0019;WID;AV;302/10007793;2022-11-25;2;ECO;10539532;TAX 2 ENV CONTRIBUTION;0;00;00;0,00;-0,02;-0,02;;
AF0019;WID;AV;302/10007793;2022-11-25;3;PR;10985177;HA ACTS AF2 EPH Z E440 SLVGR;0;00;00;0,00;-491;-491;;
AF0019;WID;AV;302/10007793;2022-11-25;4;ECO;10539532;TAX 2 ENV CONTRIBUTION;0;00;00;0,00;-0,02;-0,02;;
AF0003;WID;FA;307/10023694;2022-11-03;1;PT;10984380;Transport;1;00;00;13,49;13,49;13,49;|010230|014356;
AF0003;WID;FA;307/10023694;2022-11-03;2;REPA;10984380;Forfait Rparation;1;1000;00;149,00;134,1;134,1;|010230|014356;
AF0002;WID;FA;307/10023836;2022-11-22;1;PT;10984506;Transport;1;00;00;13,49;13,49;13,49;|170331|091841;
AF0002;WID;FA;307/10023836;2022-11-22;2;REPA;10984506;Forfait Rparation;1;1000;00;149,00;134,1;134,1;|170331|091841;
AF0303;WID;FA;307/10023879;2022-11-24;1;PT;10985618;Transport;1;00;20;13,49;13,49;16,19;|2133040|1029358;
AF0303;WID;FA;307/10023879;2022-11-24;2;REPA;10985618;Forfait Rparation;1;1000;06;149,00;134,1;141,48;|2133040|1029358;
AF0303;WID;FA;307/10023880;2022-11-24;1;PT;10985144;Transport;1;00;20;13,49;13,49;16,19;|551018|550635;
AF0303;WID;FA;307/10023880;2022-11-24;2;REPA;10985144;Forfait Rparation;1;1000;06;149,00;134,1;141,48;|551018|550635;
AF0002;WID;FA;307/10023903;2022-11-28;1;PT;10985488;Transport;1;00;00;13,49;13,49;13,49;|1081485|145127;
AF0002;WID;FA;307/10023903;2022-11-28;2;REPA;10985488;Forfait Rparation;1;1000;00;149,00;134,1;134,1;|1081485|145127;
